PHOT_ID,SOURCE_ID,MJD,U_VEGA_MAG,U_VEGA_MAGERR,B_VEGA_MAG,B_VEGA_MAGERR,V_VEGA_MAG,V_VEGA_MAGERR,R_VEGA_MAG,R_VEGA_MAGERR,I_VEGA_MAG,I_VEGA_MAGERR,U_AB_MAG,U_AB_MAGERR,G_AB_MAG,G_AB_MAGERR,R_AB_MAG,R_AB_MAGERR,I_AB_MAG,I_AB_MAGERR,Z_AB_MAG,Z_AB_MAGERR,J_VEGA_MAG,J_VEGA_MAGERR,H_VEGA_MAG,H_VEGA_MAGERR,KS_VEGA_MAG,KS_VEGA_MAGERR,LSQGR_AB_MAG,LSQGR_AB_MAGERR,UVW2_SWIFT_MAG,UVW2_SWIFT_MAGERR,UVM2_SWIFT_MAG,UVM2_SWIFT_MAGERR,UVW1_SWIFT_MAG,UVW1_SWIFT_MAGERR,U_SWIFT_MAG,U_SWIFT_MAGERR,B_SWIFT_MAG,B_SWIFT_MAGERR,V_SWIFT_MAG,V_SWIFT_MAGERR
1000001,CSS121015:004244+132827,56186.24,,,,,20.95,0.56,,,,,,,,,,,,,,,,,,,,,,,,,,,,,,,,,,
1000002,CSS121015:004244+132827,56195.37,,,,,19.76,0.28,,,,,,,,,,,,,,,,,,,,,,,,,,,,,,,,,,
1000003,CSS121015:004244+132827,56206.22,,,,,18.82,0.20,,,,,,,,,,,,,,,,,,,,,,,,,,,,,,,,,,
1000004,CSS121015:004244+132827,56215.24,,,,,18.55,0.35,,,,,,,,,,,,,,,,,,,,,,,,,,,,,,,,,,
1000005,CSS121015:004244+132827,56219.42,,,18.53,0.03,18.42,0.02,18.22,0.02,,,,,,,,,,,,,,,,,,,,,,,,,,,,,,,,
1000006,CSS121015:004244+132827,56221.42,,,,,18.38,0.29,,,,,,,,,,,,,,,,,,,,,,,,,,,,,,,,,,
1000007,CSS121015:004244+132827,56222.33,17.83,0.04,18.54,0.02,18.35,0.03,18.24,0.02,18.13,0.02,,,,,,,,,,,,,,,,,,,,,,,,,,,,,,
1000008,CSS121015:004244+132827,56225.61,,,18.29,0.20,18.19,0.10,18.20,0.06,18.00,0.07,,,,,,,,,,,,,,,,,,,,,,,,,,,,,,
1000009,CSS121015:004244+132827,56236.49,18.17,0.04,18.70,0.02,18.52,0.02,18.33,0.02,17.91,0.02,,,,,,,,,,,,,,,,,,,,,,,,,,,,,,
1000010,CSS121015:004244+132827,56237.60,18.39,0.08,18.99,0.02,18.67,0.02,18.37,0.18,18.26,0.04,,,,,,,,,,,,,,,,,,,,,,,,,,,,,,
1000011,CSS121015:004244+132827,56238.30,18.23,0.03,18.85,0.02,18.45,0.02,18.30,0.02,18.25,0.02,,,,,,,,,,,,,,,,,,,,,,,,,,,,,,
1000012,CSS121015:004244+132827,56243.14,,,,,18.72,0.27,,,,,,,,,,,,,,,,,,,,,,,,,,,,,,,,,,
1000013,CSS121015:004244+132827,56243.60,18.64,0.09,19.10,0.07,18.73,0.05,18.49,0.12,18.19,0.07,,,,,,,,,,,,,,,,,,,,,,,,,,,,,,
1000014,CSS121015:004244+132827,56248.55,18.62,0.02,19.22,0.02,18.72,0.02,18.47,0.02,18.15,0.02,,,,,,,,,,,,,,,,,,,,,,,,,,,,,,
1000015,CSS121015:004244+132827,56251.09,,,,,18.96,0.21,,,,,,,,,,,,,,,,,,,,,,,,,,,,,,,,,,
1000016,CSS121015:004244+132827,56253.63,19.17,0.09,19.52,0.04,18.98,0.02,18.75,0.02,18.34,0.03,,,,,,,,,,,,,,,,,,,,,,,,,,,,,,
1000017,CSS121015:004244+132827,56261.34,19.76,0.17,19.81,0.06,19.07,0.02,18.76,0.02,18.27,0.02,,,,,,,,,,,,,,,,,,,,,,,,,,,,,,
1000018,CSS121015:004244+132827,56265.34,19.77,0.17,19.98,0.06,19.16,0.06,18.90,0.04,18.43,0.02,,,,,,,,,,,,,,,,,,,,,,,,,,,,,,
1000019,CSS121015:004244+132827,56266.24,,,,,19.34,0.22,,,,,,,,,,,,,,,,,,,,,,,,,,,,,,,,,,
1000020,CSS121015:004244+132827,56266.35,19.85,0.16,19.92,0.04,19.22,0.03,18.81,0.02,18.39,0.02,,,,,,,,,,,,,,,,,,,,,,,,,,,,,,
1000021,CSS121015:004244+132827,56266.50,19.90,0.09,20.03,0.04,19.32,0.05,18.96,0.04,18.46,0.04,,,,,,,,,,,,,,,,,,,,,,,,,,,,,,
1000022,CSS121015:004244+132827,56267.26,19.75,0.22,20.11,0.13,19.28,0.06,18.89,0.03,18.58,0.05,,,,,,,,,,,,,,,,,,,,,,,,,,,,,,
1000023,CSS121015:004244+132827,56268.35,,,20.23,0.04,19.23,0.04,18.96,0.03,18.40,0.03,,,,,,,,,,,,,,,,,,,,,,,,,,,,,,
1000024,CSS121015:004244+132827,56270.35,,,20.24,0.06,19.34,0.03,19.05,0.02,18.44,0.02,,,,,,,,,,,,,,,,,,,,,,,,,,,,,,
1000025,CSS121015:004244+132827,56273.60,20.31,0.10,20.43,0.04,19.57,0.02,19.13,0.15,18.61,0.05,,,,,,,,,,,,,,,,,,,,,,,,,,,,,,
1000026,CSS121015:004244+132827,56276.34,,,20.55,0.11,19.56,0.04,19.06,0.03,18.53,0.03,,,,,,,,,,,,,,,,,,,,,,,,,,,,,,
1000027,CSS121015:004244+132827,56278.31,,,,,19.74,0.04,19.17,0.04,,,,,,,,,,,,,,,,,,,,,,,,,,,,,,,,
1000028,CSS121015:004244+132827,56279.37,,,20.67,0.10,19.58,0.03,19.14,0.02,18.68,0.02,,,,,,,,,,,,,,,,,,,,,,,,,,,,,,
1000029,CSS121015:004244+132827,56279.38,,,20.68,0.13,,,,,,,,,,,,,,,,,,,,,,,,,,,,,,,,,,,,
1000030,CSS121015:004244+132827,56283.50,20.64,0.10,20.96,0.11,19.85,0.03,19.26,0.03,18.72,0.02,,,,,,,,,,,,,,,,,,,,,,,,,,,,,,
1000031,CSS121015:004244+132827,56286.25,20.68,0.09,20.97,0.05,19.94,0.03,19.40,0.02,18.93,0.02,,,,,,,,,,,,,,,,,,,,,,,,,,,,,,
1000032,CSS121015:004244+132827,56288.35,,,20.99,0.14,19.95,0.11,19.47,0.05,18.76,0.02,,,,,,,,,,,,,,,,,,,,,,,,,,,,,,
1000033,CSS121015:004244+132827,56294.60,,,21.43,0.04,20.26,0.03,19.64,0.03,18.91,0.05,,,,,,,,,,,,,,,,,,,,,,,,,,,,,,
1000034,CSS121015:004244+132827,56300.25,21.65,0.06,21.60,0.02,20.50,0.02,19.69,0.02,19.00,0.02,,,,,,,,,,,,,,,,,,,,,,,,,,,,,,
1000035,CSS121015:004244+132827,56304.33,,,21.90,0.06,20.56,0.05,19.86,0.03,19.10,0.06,,,,,,,,,,,,,,,,,,,,,,,,,,,,,,
1000036,CSS121015:004244+132827,56307.38,,,22.12,0.10,20.65,0.18,20.05,0.07,19.20,0.03,,,,,,,,,,,,,,,,,,,,,,,,,,,,,,
1000037,CSS121015:004244+132827,56316.37,,,22.24,0.26,21.02,0.15,20.25,0.06,19.43,0.02,,,,,,,,,,,,,,,,,,,,,,,,,,,,,,
1000038,CSS121015:004244+132827,56319.50,,,,,21.27,0.11,20.18,0.07,19.56,0.17,,,,,,,,,,,,,,,,,,,,,,,,,,,,,,
1000039,CSS121015:004244+132827,56320.34,,,22.58,0.18,21.08,0.13,20.29,0.06,19.54,0.04,,,,,,,,,,,,,,,,,,,,,,,,,,,,,,
1000040,CSS121015:004244+132827,56322.24,,,,,21.21,0.14,20.37,0.06,19.71,0.08,,,,,,,,,,,,,,,,,,,,,,,,,,,,,,
1000041,CSS121015:004244+132827,56225.60,,,,,,,,,,,,,,,18.42,0.12,18.25,0.18,,,,,,,,,,,,,,,,,,,,,,
1000042,CSS121015:004244+132827,56230.50,,,,,,,,,,,,,18.50,0.30,18.42,0.16,,,,,,,,,,,,,,,,,,,,,,,,
1000043,CSS121015:004244+132827,56233.40,,,,,,,,,,,,,18.51,0.04,18.49,0.02,18.62,0.07,18.56,0.06,,,,,,,,,,,,,,,,,,,,
1000044,CSS121015:004244+132827,56236.20,,,,,,,,,,,,,18.62,0.04,18.52,0.02,18.58,0.07,18.59,0.04,,,,,,,,,,,,,,,,,,,,
1000045,CSS121015:004244+132827,56240.20,,,,,,,,,,,,,18.69,0.06,18.57,0.02,18.65,0.07,18.55,0.04,,,,,,,,,,,,,,,,,,,,
1000046,CSS121015:004244+132827,56242.20,,,,,,,,,,,,,18.83,0.05,18.63,0.04,18.67,0.09,18.56,0.08,,,,,,,,,,,,,,,,,,,,
1000047,CSS121015:004244+132827,56246.30,,,,,,,,,,,,,18.84,0.07,18.73,0.04,18.75,0.08,,,,,,,,,,,,,,,,,,,,,,
1000048,CSS121015:004244+132827,56257.30,,,,,,,,,,,,,19.18,0.09,18.78,0.13,18.76,0.10,18.83,0.10,,,,,,,,,,,,,,,,,,,,
1000049,CSS121015:004244+132827,56261.34,,,,,,,,,,,,,,,18.97,0.04,18.75,0.03,,,,,,,,,,,,,,,,,,,,,,
1000050,CSS121015:004244+132827,56263.20,,,,,,,,,,,,,19.51,0.06,19.02,0.04,18.94,0.07,18.67,0.10,,,,,,,,,,,,,,,,,,,,
1000051,CSS121015:004244+132827,56265.33,,,,,,,,,,,,,,,19.10,0.03,18.91,0.03,,,,,,,,,,,,,,,,,,,,,,
1000052,CSS121015:004244+132827,56266.34,,,,,,,,,,,,,,,19.04,0.03,18.85,0.03,,,,,,,,,,,,,,,,,,,,,,
1000053,CSS121015:004244+132827,56268.34,,,,,,,,,,,,,,,19.21,0.04,18.91,0.06,,,,,,,,,,,,,,,,,,,,,,
1000054,CSS121015:004244+132827,56270.34,,,,,,,,,,,,,,,19.29,0.03,18.96,0.03,,,,,,,,,,,,,,,,,,,,,,
1000055,CSS121015:004244+132827,56275.30,,,,,,,,,,,,,19.96,0.08,19.31,0.08,19.03,0.09,,,,,,,,,,,,,,,,,,,,,,
1000056,CSS121015:004244+132827,56276.33,,,,,,,,,,,,,,,19.34,0.04,19.00,0.05,,,,,,,,,,,,,,,,,,,,,,
1000057,CSS121015:004244+132827,56279.36,,,,,,,,,,,,,,,19.39,0.03,19.11,0.03,,,,,,,,,,,,,,,,,,,,,,
1000058,CSS121015:004244+132827,56288.34,,,,,,,,,,,,,,,19.74,0.05,19.29,0.03,,,,,,,,,,,,,,,,,,,,,,
1000059,CSS121015:004244+132827,56304.32,,,,,,,,,,,,,,,20.19,0.05,19.67,0.12,,,,,,,,,,,,,,,,,,,,,,
1000060,CSS121015:004244+132827,56307.37,,,,,,,,,,,,,,,20.34,0.06,19.90,0.08,,,,,,,,,,,,,,,,,,,,,,
1000061,CSS121015:004244+132827,56316.36,,,,,,,,,,,,,,,20.61,0.07,20.00,0.04,,,,,,,,,,,,,,,,,,,,,,
1000062,CSS121015:004244+132827,56320.33,,,,,,,,,,,,,,,20.65,0.07,20.10,0.09,,,,,,,,,,,,,,,,,,,,,,
1000063,LSQ12btw,56013.11,,,,,17.93,0.05,,,,,,,17.76,0.04,,,,,,,,,,,,,,,,,,,,,,,,,,
1000064,LSQ12btw,56014.11,,,,,18.06,0.05,,,,,,,17.93,0.04,,,,,,,,,,,,,,,,,,,,,,,,,,
1000065,LSQ12btw,56024.04,,,,,18.72,0.11,,,,,,,18.70,0.08,,,,,,,,,,,,,,,,,,,,,,,,,,
1000066,LSQ12btw,56024.13,,,,,18.64,0.09,,,,,,,18.62,0.07,,,,,,,,,,,,,,,,,,,,,,,,,,
1000067,LSQ12btw,56026.04,,,,,18.87,0.07,,,,,,,18.86,0.05,,,,,,,,,,,,,,,,,,,,,,,,,,
1000068,LSQ12btw,56026.12,,,,,18.84,0.08,,,,,,,18.82,0.06,,,,,,,,,,,,,,,,,,,,,,,,,,
1000069,LSQ12btw,56029.09,,,,,,,,,,,,,19.08,0.20,,,,,,,,,,,,,,,,,,,,,,,,,,
1000070,LSQ12btw,56029.30,,,,,,,,,,,,,19.09,0.13,,,,,,,,,,,,,,,,,,,,,,,,,,
1000071,LSQ12btw,56031.08,,,,,,,,,,,,,19.15,0.12,19.12,0.18,19.23,0.21,,,,,,,,,,,,,,,,,,,,,,
1000072,LSQ12btw,56036.02,,,,,19.70,0.07,,,,,,,19.77,0.06,,,,,,,,,,,,,,,,,,,,,,,,,,
1000073,LSQ12btw,56036.11,,,,,19.77,0.08,,,,,,,19.84,0.06,,,,,,,,,,,,,,,,,,,,,,,,,,
1000074,LSQ12btw,56038.17,,,,,,,,,,,,,19.99,0.08,19.88,0.06,20.07,0.06,,,,,,,,,,,,,,,,,,,,,,
1000075,LSQ12btw,56039.89,,,,,,,,,,,,,20.22,0.24,20.05,0.27,20.22,0.27,19.85,0.30,,,,,,,,,,,,,,,,,,,,
1000076,LSQ12btw,56047.08,,,,,,,,,,,,,20.57,0.41,20.79,0.52,,,,,,,,,,,,,,,,,,,,,,,,
1000077,LSQ12btw,56049.98,,,,,20.31,0.35,,,,,,,20.17,0.28,,,,,,,,,,,,,,,,,,,,,,,,,,
1000078,LSQ12btw,56050.07,,,,,21.05,0.77,,,,,,,20.91,0.60,,,,,,,,,,,,,,,,,,,,,,,,,,
1000079,LSQ12btw,56055.90,,,,,,,,,,,,,20.93,0.04,21.23,0.10,22.12,0.18,21.02,0.25,,,,,,,,,,,,,,,,,,,,
1000080,LSQ12btw,56070.95,,,,,,,,,,,,,21.50,0.19,22.08,0.33,22.77,0.29,,,,,,,,,,,,,,,,,,,,,,
1000081,LSQ12dlf,56118.35,,,,,19.33,0.03,,,,,,,,,,,,,,,,,,,,,,,,,,,,,,,,,,
1000082,LSQ12dlf,56118.41,,,,,19.25,0.02,,,,,,,,,,,,,,,,,,,,,,,,,,,,,,,,,,
1000083,LSQ12dlf,56124.41,,,,,19.07,0.02,,,,,,,,,,,,,,,,,,,,,,,,,,,,,,,,,,
1000084,LSQ12dlf,56124.43,,,,,19.02,0.02,,,,,,,,,,,,,,,,,,,,,,,,,,,,,,,,,,
1000085,LSQ12dlf,56126.41,,,,,19.04,0.03,,,,,,,,,,,,,,,,,,,,,,,,,,,,,,,,,,
1000086,LSQ12dlf,56126.43,,,,,19.06,0.03,,,,,,,,,,,,,,,,,,,,,,,,,,,,,,,,,,
1000087,LSQ12dlf,56130.31,,,,,18.89,0.03,,,,,,,,,,,,,,,,,,,,,,,,,,,,,,,,,,
1000088,LSQ12dlf,56130.38,,,,,18.92,0.03,,,,,,,,,,,,,,,,,,,,,,,,,,,,,,,,,,
1000089,LSQ12dlf,56132.41,,,,,18.92,0.02,,,,,,,,,,,,,,,,,,,,,,,,,,,,,,,,,,
1000090,LSQ12dlf,56132.42,,,,,18.91,0.02,,,,,,,,,,,,,,,,,,,,,,,,,,,,,,,,,,
1000091,LSQ12dlf,56136.24,,,,,18.87,0.04,,,,,,,,,,,,,,,,,,,,,,,,,,,,,,,,,,
1000092,LSQ12dlf,56136.32,,,,,18.90,0.02,,,,,,,,,,,,,,,,,,,,,,,,,,,,,,,,,,
1000093,LSQ12dlf,56138.25,,,,,18.78,0.04,,,,,,,,,,,,,,,,,,,,,,,,,,,,,,,,,,
1000094,LSQ12dlf,56138.34,,,,,18.80,0.03,,,,,,,,,,,,,,,,,,,,,,,,,,,,,,,,,,
1000095,LSQ12dlf,56149.40,18.46,0.09,19.43,0.04,19.15,0.04,19.01,0.09,18.82,0.10,,,,,,,,,,,,,,,,,,,,,,,,,,,,,,
1000096,LSQ12dlf,56152.10,,,19.45,0.23,19.22,0.14,19.09,0.15,18.93,0.12,,,,,,,,,,,,,,,,,,,,,,,,,,,,,,
1000097,LSQ12dlf,56158.10,,,19.71,0.13,19.22,0.10,18.96,0.06,18.91,0.05,,,,,,,,,,,,,,,,,,,,,,,,,,,,,,
1000098,LSQ12dlf,56158.30,18.91,0.09,19.63,0.06,19.26,0.07,19.04,0.05,18.83,0.17,,,,,,,,,,,,,,,,,,,,,,,,,,,,,,
1000099,LSQ12dlf,56158.40,,,,,19.29,0.02,,,,,,,,,,,,,,,,,,,,,,,,,,,,,,,,,,
1000100,LSQ12dlf,56158.41,,,,,19.39,0.03,,,,,,,,,,,,,,,,,,,,,,,,,,,,,,,,,,
1000101,LSQ12dlf,56160.31,,,,,19.39,0.08,,,,,,,,,,,,,,,,,,,,,,,,,,,,,,,,,,
1000102,LSQ12dlf,56160.39,,,,,19.44,0.03,,,,,,,,,,,,,,,,,,,,,,,,,,,,,,,,,,
1000103,LSQ12dlf,56164.30,19.34,0.07,19.90,0.04,19.42,0.03,19.20,0.04,18.88,0.05,,,,,,,,,,,,,,,,,,,,,,,,,,,,,,
1000104,LSQ12dlf,56164.35,,,,,19.49,0.03,,,,,,,,,,,,,,,,,,,,,,,,,,,,,,,,,,
1000105,LSQ12dlf,56164.38,,,,,19.60,0.04,,,,,,,,,,,,,,,,,,,,,,,,,,,,,,,,,,
1000106,LSQ12dlf,56166.21,,,,,19.53,0.04,,,,,,,,,,,,,,,,,,,,,,,,,,,,,,,,,,
1000107,LSQ12dlf,56166.29,,,,,19.45,0.03,,,,,,,,,,,,,,,,,,,,,,,,,,,,,,,,,,
1000108,LSQ12dlf,56166.40,19.48,0.03,19.99,0.03,19.59,0.04,19.27,0.04,19.00,0.04,,,,,,,,,,,,,,,,,,,,,,,,,,,,,,
1000109,LSQ12dlf,56180.40,20.31,0.34,20.69,0.08,20.07,0.06,19.59,0.06,19.13,0.09,,,,,,,,,,,,,,,,,,,,,,,,,,,,,,
1000110,LSQ12dlf,56183.10,,,20.86,0.15,20.00,0.05,19.50,0.07,19.43,0.10,,,,,,,,,,,,,,,,,,,,,,,,,,,,,,
1000111,LSQ12dlf,56186.30,,,21.05,0.03,20.24,0.02,19.79,0.03,19.45,0.04,,,,,,,,,,,,,,,,,,,,,,,,,,,,,,
1000112,LSQ12dlf,56190.10,,,21.28,0.18,20.30,0.09,19.82,0.06,19.57,0.13,,,,,,,,,,,,,,,,,,,,,,,,,,,,,,
1000113,LSQ12dlf,56193.40,,,21.62,0.07,20.46,0.07,19.92,0.06,19.56,0.05,,,,,,,,,,,,,,,,,,,,,,,,,,,,,,
1000114,LSQ12dlf,56195.00,,,,,20.49,0.31,19.98,0.16,19.64,0.16,,,,,,,,,,,,,,,,,,,,,,,,,,,,,,
1000115,LSQ12dlf,56205.10,,,,,20.66,0.30,20.12,0.10,20.01,0.13,,,,,,,,,,,,,,,,,,,,,,,,,,,,,,
1000116,LSQ12dlf,56207.40,,,,,20.79,0.11,20.11,0.15,19.63,0.24,,,,,,,,,,,,,,,,,,,,,,,,,,,,,,
1000117,LSQ12dlf,56213.00,,,,,21.20,0.20,20.44,0.20,20.01,0.18,,,,,,,,,,,,,,,,,,,,,,,,,,,,,,
1000118,LSQ12dlf,56221.00,,,22.64,0.31,21.16,0.19,20.76,0.18,20.45,0.14,,,,,,,,,,,,,,,,,,,,,,,,,,,,,,
1000119,LSQ12dlf,56238.20,,,23.32,0.07,21.92,0.06,21.18,0.05,20.59,0.04,,,,,,,,,,,,,,,,,,,,,,,,,,,,,,
1000120,LSQ12dlf,56267.20,,,24.43,0.33,22.82,0.09,22.17,0.08,21.72,0.51,,,,,,,,,,,,,,,,,,,,,,,,,,,,,,
1000121,LSQ12dlf,56297.00,,,,,,,22.71,0.30,,,,,,,,,,,,,,,,,,,,,,,,,,,,,,,,
1000122,LSQ12dlf,56304.10,,,,,24.00,0.14,,,,,,,,,,,,,,,,,,,,,,,,,,,,,,,,,,
1000123,LSQ12fxd,56331.98,,,,,,,,,,,,,16.84,0.01,16.70,0.02,16.96,0.03,,,,,,,,,,,,,,,,,,,,,,
1000124,LSQ12fxd,56334.93,,,,,,,,,,,,,16.70,0.02,16.58,0.02,16.77,0.02,,,,,,,,,,,,,,,,,,,,,,
1000125,LSQ12fxd,56340.98,,,,,,,,,,,,,16.54,0.02,16.45,0.01,16.69,0.02,,,,,,,,,,,,,,,,,,,,,,
1000126,LSQ12fxd,56344.90,,,,,,,,,,,,,16.70,0.03,16.66,0.02,16.68,0.02,,,,,,,,,,,,,,,,,,,,,,
1000127,LSQ12fxd,56364.90,,,,,,,,,,,,,18.39,0.04,17.37,0.03,17.43,0.04,,,,,,,,,,,,,,,,,,,,,,
1000128,LSQ12fxd,56370.88,,,,,,,,,,,,,18.51,0.05,17.60,0.04,17.52,0.04,,,,,,,,,,,,,,,,,,,,,,
1000129,LSQ12fxd,56378.88,,,,,,,,,,,,,17.72,0.10,,,17.58,0.07,,,,,,,,,,,,,,,,,,,,,,
1000130,LSQ12fxd,56379.99,,,,,,,,,,,,,18.34,0.05,17.75,0.03,17.74,0.04,,,,,,,,,,,,,,,,,,,,,,
1000131,LSQ12gdj,56242.10,,,17.02,0.01,17.05,0.01,,,,,,,,,17.19,0.01,17.47,0.01,,,,,,,,,,,,,,,,,,,,,,
1000132,LSQ12gdj,56243.10,,,16.76,0.01,16.81,0.01,,,,,,,,,16.94,0.01,17.20,0.01,,,,,,,,,,,,,,,,,,,,,,
1000133,LSQ12gdj,56245.00,,,,,,,,,,,,,16.38,0.01,16.52,0.01,16.81,0.02,17.28,0.01,,,,,,,,,,,,,,,,,,,,
1000134,LSQ12gdj,56245.10,,,16.40,0.01,16.46,0.01,,,,,,,,,16.57,0.01,16.84,0.01,,,,,,,,,,,,,,,,,,,,,,
1000135,LSQ12gdj,56246.00,,,16.29,0.01,16.34,0.01,,,,,,,,,16.46,0.01,16.74,0.01,,,,,,,,,,,,,,,,,,,,,,
1000136,LSQ12gdj,56246.00,,,,,,,,,,,,,16.30,0.01,16.45,0.02,16.72,0.01,17.05,0.02,,,,,,,,,,,,,,,,,,,,
1000137,LSQ12gdj,56247.00,,,,,,,,,,,,,16.17,0.01,16.31,0.02,16.65,0.01,16.95,0.02,,,,,,,,,,,,,,,,,,,,
1000138,LSQ12gdj,56247.10,,,16.18,0.01,16.24,0.01,,,,,,,,,16.35,0.01,16.67,0.01,,,,,,,,,,,,,,,,,,,,,,
1000139,LSQ12gdj,56248.10,,,16.11,0.01,16.16,0.01,,,,,,,,,16.26,0.01,16.62,0.01,,,,,,,,,,,,,,,,,,,,,,
1000140,LSQ12gdj,56248.10,,,,,,,,,,,,,16.11,0.01,16.29,0.01,16.62,0.02,16.86,0.02,,,,,,,,,,,,,,,,,,,,
1000141,LSQ12gdj,56249.00,,,16.04,0.01,16.09,0.01,,,,,,,,,16.19,0.01,16.59,0.01,,,,,,,,,,,,,,,,,,,,,,
1000142,LSQ12gdj,56250.00,,,15.99,0.01,16.04,0.01,,,,,,,,,16.12,0.01,16.58,0.01,,,,,,,,,,,,,,,,,,,,,,
1000143,LSQ12gdj,56250.10,,,,,,,,,,,,,15.98,0.01,16.14,0.02,16.58,0.01,16.71,0.02,,,,,,,,,,,,,,,,,,,,
1000144,LSQ12gdj,56251.00,,,15.97,0.01,16.02,0.01,,,,,,,,,16.06,0.01,16.55,0.01,,,,,,,,,,,,,,,,,,,,,,
1000145,LSQ12gdj,56252.00,,,15.97,0.01,16.00,0.01,,,,,,,,,16.03,0.01,16.57,0.01,,,,,,,,,,,,,,,,,,,,,,
1000146,LSQ12gdj,56252.10,,,,,,,,,,,,,15.93,0.01,16.04,0.01,16.59,0.01,16.71,0.01,,,,,,,,,,,,,,,,,,,,
1000147,LSQ12gdj,56253.00,,,15.98,0.01,15.98,0.01,,,,,,,,,16.00,0.01,16.58,0.01,,,,,,,,,,,,,,,,,,,,,,
1000148,LSQ12gdj,56253.10,,,,,,,,,,,,,15.92,0.01,16.03,0.01,16.61,0.01,16.68,0.01,,,,,,,,,,,,,,,,,,,,
1000149,LSQ12gdj,56254.10,,,15.99,0.01,15.96,0.01,,,,,,,,,15.96,0.01,16.60,0.01,,,,,,,,,,,,,,,,,,,,,,
1000150,LSQ12gdj,56254.10,,,,,,,,,,,,,15.90,0.01,16.02,0.01,16.58,0.02,16.64,0.01,,,,,,,,,,,,,,,,,,,,
1000151,LSQ12gdj,56255.10,,,15.99,0.01,15.96,0.01,,,,,,,,,15.95,0.01,16.60,0.01,,,,,,,,,,,,,,,,,,,,,,
1000152,LSQ12gdj,56255.10,,,,,,,,,,,,,15.93,0.01,15.97,0.01,16.62,0.01,16.69,0.02,,,,,,,,,,,,,,,,,,,,
1000153,LSQ12gdj,56256.10,,,16.05,0.02,15.96,0.01,,,,,,,,,15.94,0.01,16.62,0.01,,,,,,,,,,,,,,,,,,,,,,
1000154,LSQ12gdj,56256.10,,,,,,,,,,,,,15.90,0.01,15.97,0.01,16.55,0.02,16.72,0.02,,,,,,,,,,,,,,,,,,,,
1000155,LSQ12gdj,56257.10,,,16.03,0.01,15.95,0.01,,,,,,,,,15.92,0.01,16.63,0.01,,,,,,,,,,,,,,,,,,,,,,
1000156,LSQ12gdj,56257.10,,,,,,,,,,,,,15.94,0.01,15.96,0.01,16.62,0.02,16.76,0.02,,,,,,,,,,,,,,,,,,,,
1000157,LSQ12gdj,56258.10,,,16.07,0.01,15.95,0.01,,,,,,,,,15.95,0.01,16.65,0.01,,,,,,,,,,,,,,,,,,,,,,
1000158,LSQ12gdj,56258.10,,,,,,,,,,,,,16.00,0.01,15.94,0.01,16.65,0.01,16.80,0.02,,,,,,,,,,,,,,,,,,,,
1000159,LSQ12gdj,56259.00,,,16.10,0.01,15.96,0.01,,,,,,,,,15.96,0.01,16.68,0.01,,,,,,,,,,,,,,,,,,,,,,
1000160,LSQ12gdj,56259.10,,,,,,,,,,,,,16.03,0.01,15.94,0.01,16.69,0.03,16.83,0.02,,,,,,,,,,,,,,,,,,,,
1000161,LSQ12gdj,56261.10,,,16.20,0.01,16.01,0.01,,,,,,,,,16.03,0.01,16.79,0.01,,,,,,,,,,,,,,,,,,,,,,
1000162,LSQ12gdj,56261.10,,,,,,,,,,,,,16.09,0.01,16.09,0.01,16.85,0.01,17.01,0.01,,,,,,,,,,,,,,,,,,,,
1000163,LSQ12gdj,56262.10,,,16.25,0.01,16.04,0.01,,,,,,,,,16.09,0.01,16.90,0.01,,,,,,,,,,,,,,,,,,,,,,
1000164,LSQ12gdj,56263.10,,,16.30,0.01,16.10,0.01,,,,,,,,,16.16,0.01,16.99,0.01,,,,,,,,,,,,,,,,,,,,,,
1000165,LSQ12gdj,56264.10,,,16.39,0.01,16.16,0.01,,,,,,,,,,,17.09,0.01,,,,,,,,,,,,,,,,,,,,,,
1000166,LSQ12gdj,56264.10,,,,,,,,,,,,,16.21,0.01,16.21,0.03,17.06,0.01,17.10,0.02,,,,,,,,,,,,,,,,,,,,
1000167,LSQ12gdj,56265.10,,,16.48,0.01,16.24,0.01,,,,,,,,,16.31,0.01,17.18,0.01,,,,,,,,,,,,,,,,,,,,,,
1000168,LSQ12gdj,56265.10,,,,,,,,,,,,,16.31,0.01,16.31,0.01,17.17,0.01,17.11,0.01,,,,,,,,,,,,,,,,,,,,
1000169,LSQ12gdj,56266.10,,,16.56,0.01,16.29,0.01,,,,,,,,,16.39,0.01,17.28,0.01,,,,,,,,,,,,,,,,,,,,,,
1000170,LSQ12gdj,56266.10,,,,,,,,,,,,,16.38,0.01,16.39,0.01,17.24,0.03,17.15,0.02,,,,,,,,,,,,,,,,,,,,
1000171,LSQ12gdj,56267.10,,,16.68,0.01,16.36,0.01,,,,,,,,,16.46,0.01,17.32,0.01,,,,,,,,,,,,,,,,,,,,,,
1000172,LSQ12gdj,56267.10,,,,,,,,,,,,,16.48,0.01,16.48,0.01,17.32,0.01,17.21,0.02,,,,,,,,,,,,,,,,,,,,
1000173,LSQ12gdj,56268.10,,,16.79,0.01,16.43,0.01,,,,,,,,,16.52,0.01,17.37,0.01,,,,,,,,,,,,,,,,,,,,,,
1000174,LSQ12gdj,56268.10,,,,,,,,,,,,,16.58,0.01,16.50,0.01,17.35,0.01,17.22,0.02,,,,,,,,,,,,,,,,,,,,
1000175,LSQ12gdj,56269.10,,,,,,,,,,,,,16.65,0.01,16.55,0.01,17.33,0.01,17.18,0.02,,,,,,,,,,,,,,,,,,,,
1000176,LSQ12gdj,56270.10,,,,,,,,,,,,,16.75,0.01,16.55,0.01,17.30,0.02,17.18,0.02,,,,,,,,,,,,,,,,,,,,
1000177,LSQ12gdj,56270.10,,,17.03,0.01,16.56,0.01,,,,,,,,,16.58,0.01,17.36,0.01,,,,,,,,,,,,,,,,,,,,,,
1000178,LSQ12gdj,56272.10,,,,,,,,,,,,,16.95,0.01,16.63,0.02,17.29,0.03,17.20,0.02,,,,,,,,,,,,,,,,,,,,
1000179,LSQ12gdj,56273.10,,,,,,,,,,,,,17.02,0.01,16.63,0.01,17.27,0.01,17.17,0.01,,,,,,,,,,,,,,,,,,,,
1000180,LSQ12gdj,56274.10,,,,,,,,,,,,,17.03,0.01,16.65,0.01,17.19,0.01,17.20,0.02,,,,,,,,,,,,,,,,,,,,
1000181,LSQ12gdj,56275.10,,,17.60,0.01,16.85,0.01,,,,,,,,,16.69,0.01,17.23,0.01,,,,,,,,,,,,,,,,,,,,,,
1000182,LSQ12gdj,56275.10,,,,,,,,,,,,,17.17,0.01,16.65,0.02,17.20,0.01,17.12,0.01,,,,,,,,,,,,,,,,,,,,
1000183,LSQ12gdj,56276.10,,,,,,,,,,,,,17.34,0.01,16.69,0.01,17.22,0.01,17.17,0.01,,,,,,,,,,,,,,,,,,,,
1000184,LSQ12gdj,56277.10,,,,,,,,,,,,,17.40,0.01,16.71,0.03,17.18,0.01,17.17,0.02,,,,,,,,,,,,,,,,,,,,
1000185,LSQ12gdj,56278.10,,,,,,,,,,,,,17.50,0.01,16.76,0.01,17.17,0.03,17.17,0.01,,,,,,,,,,,,,,,,,,,,
1000186,LSQ12gdj,56279.10,,,,,,,,,,,,,17.52,0.01,16.79,0.01,17.19,0.01,17.20,0.02,,,,,,,,,,,,,,,,,,,,
1000187,LSQ12gdj,56282.10,,,,,,,,,,,,,17.81,0.01,16.87,0.02,17.18,0.01,17.21,0.14,,,,,,,,,,,,,,,,,,,,
1000188,LSQ12gdj,56283.10,,,,,,,,,,,,,17.89,0.01,16.92,0.01,17.22,0.01,17.24,0.03,,,,,,,,,,,,,,,,,,,,
1000189,LSQ12gdj,56283.10,,,18.36,0.02,17.24,0.01,,,,,,,,,16.93,0.01,17.23,0.01,,,,,,,,,,,,,,,,,,,,,,
1000190,LSQ12gdj,56284.00,,,18.42,0.02,17.31,0.02,,,,,,,,,16.96,0.01,17.26,0.01,,,,,,,,,,,,,,,,,,,,,,
1000191,LSQ12gdj,56284.10,,,,,,,,,,,,,17.86,0.02,16.97,0.01,17.15,0.01,17.28,0.02,,,,,,,,,,,,,,,,,,,,
1000192,LSQ12gdj,56285.00,,,18.44,0.02,17.31,0.01,,,,,,,,,17.01,0.01,17.26,0.01,,,,,,,,,,,,,,,,,,,,,,
1000193,LSQ12gdj,56285.10,,,,,,,,,,,,,18.03,0.01,16.96,0.01,17.23,0.01,17.37,0.02,,,,,,,,,,,,,,,,,,,,
1000194,LSQ12gdj,56286.10,,,,,,,,,,,,,18.02,0.01,17.05,0.01,17.26,0.01,17.34,0.02,,,,,,,,,,,,,,,,,,,,
1000195,LSQ12gdj,56287.10,,,,,,,,,,,,,18.06,0.01,17.02,0.02,17.37,0.02,17.32,0.01,,,,,,,,,,,,,,,,,,,,
1000196,LSQ12gdj,56288.00,,,18.59,0.02,17.43,0.01,,,,,,,,,17.12,0.01,17.37,0.01,,,,,,,,,,,,,,,,,,,,,,
1000197,LSQ12gdj,56288.10,,,,,,,,,,,,,18.17,0.01,17.10,0.01,17.38,0.01,17.44,0.02,,,,,,,,,,,,,,,,,,,,
1000198,LSQ12gdj,56289.10,,,,,,,,,,,,,18.18,0.02,17.10,0.02,17.45,0.03,17.41,0.02,,,,,,,,,,,,,,,,,,,,
1000199,LSQ12gdj,56290.10,,,,,,,,,,,,,18.25,0.02,17.18,0.01,17.46,0.01,17.52,0.03,,,,,,,,,,,,,,,,,,,,
1000200,LSQ12gdj,56291.10,,,,,,,,,,,,,18.33,0.01,17.27,0.01,17.49,0.01,17.61,0.02,,,,,,,,,,,,,,,,,,,,
1000201,LSQ12gdj,56292.00,,,,,17.62,0.02,,,,,,,,,17.29,0.01,17.54,0.01,,,,,,,,,,,,,,,,,,,,,,
1000202,LSQ12gdj,56294.00,,,,,17.77,0.02,,,,,,,,,17.40,0.01,17.68,0.01,,,,,,,,,,,,,,,,,,,,,,
1000203,LSQ12gdj,56296.10,,,,,17.84,0.02,,,,,,,,,17.49,0.01,17.77,0.01,,,,,,,,,,,,,,,,,,,,,,
1000204,LSQ12gdj,56297.10,,,,,17.89,0.02,,,,,,,,,17.55,0.01,17.83,0.01,,,,,,,,,,,,,,,,,,,,,,
1000205,LSQ12gdj,56299.10,,,,,17.98,0.02,,,,,,,,,17.64,0.01,17.95,0.01,,,,,,,,,,,,,,,,,,,,,,
1000206,LSQ12gdj,56316.00,,,,,18.48,0.04,,,,,,,,,18.31,0.03,18.77,0.04,,,,,,,,,,,,,,,,,,,,,,
1000207,LSQ12gdj,56318.00,,,,,18.55,0.03,,,,,,,,,,,,,,,,,,,,,,,,,,,,,,,,,,
1000208,LSQ12gdj,56243.90,,,,,,,,,,,,,,,,,,,,,,,,,,,,,18.34,0.11,18.63,0.11,16.56,0.08,15.41,0.05,16.65,0.07,16.77,0.09
1000209,LSQ12gdj,56246.20,,,,,,,,,,,,,,,,,,,,,,,,,,,,,18.07,0.10,18.57,0.11,16.34,0.08,15.16,0.04,16.25,0.06,16.34,0.08
1000210,LSQ12gdj,56249.20,,,,,,,,,,,,,,,,,,,,,,,,,,,,,18.07,0.10,18.42,0.10,16.40,0.08,15.02,0.04,16.02,0.05,16.21,0.08
1000211,LSQ12gdj,56252.10,,,,,,,,,,,,,,,,,,,,,,,,,,,,,18.21,0.11,18.49,0.10,16.61,0.08,15.08,0.04,15.98,0.05,16.15,0.07
1000212,LSQ12gdj,56255.20,,,,,,,,,,,,,,,,,,,,,,,,,,,,,18.42,0.11,18.69,0.11,16.98,0.08,15.36,0.05,16.00,0.05,16.12,0.07
1000213,LSQ12gdj,56258.70,,,,,,,,,,,,,,,,,,,,,,,,,,,,,18.68,0.12,18.85,0.12,17.43,0.09,15.67,0.06,16.08,0.05,16.07,0.07
1000214,LSQ12gdj,56261.10,,,,,,,,,,,,,,,,,,,,,,,,,,,,,18.89,0.13,19.32,0.15,17.78,0.09,15.96,0.07,16.17,0.05,16.14,0.07
1000215,LSQ12gdj,56264.30,,,,,,,,,,,,,,,,,,,,,,,,,,,,,19.54,0.18,19.51,0.17,18.09,0.10,16.39,0.08,16.42,0.06,16.27,0.08
1000216,LSQ12gdj,56267.30,,,,,,,,,,,,,,,,,,,,,,,,,,,,,19.82,0.21,20.10,0.25,18.59,0.13,16.88,0.09,16.73,0.08,16.42,0.08
1000217,LSQ12gdj,56270.80,,,,,,,,,,,,,,,,,,,,,,,,,,,,,20.08,0.25,20.48,0.32,18.93,0.16,17.38,0.10,17.18,0.08,16.66,0.09
1000218,LSQ12gdj,56279.40,,,,,,,,,,,,,,,,,,,,,,,,,,,,,,,,,19.61,0.26,18.40,0.17,18.18,0.12,17.11,0.10
1000219,LSQ12gdj,56286.30,,,,,,,,,,,,,,,,,,,,,,,,,,,,,,,,,,,19.02,0.25,18.76,0.17,17.49,0.13
1000220,LSQ12gdj,56293.40,,,,,,,,,,,,,,,,,,,,,,,,,,,,,,,,,19.91,0.33,18.98,0.28,19.11,0.24,17.71,0.16
1000221,LSQ12gdj,56300.10,,,,,,,,,,,,,,,,,,,,,,,,,,,,,,,,,,,,,19.17,0.25,18.13,0.22
1000222,LSQ13ccw,56535.02,,,,,22.26,0.63,,,,,,,22.32,0.63,,,,,,,,,,,,,,,,,,,,,,,,,,
1000223,LSQ13ccw,56535.10,,,,,22.10,0.59,,,,,,,22.16,0.59,,,,,,,,,,,,,,,,,,,,,,,,,,
1000224,LSQ13ccw,56535.37,,,,,,,,,,,,,20.68,0.09,20.55,0.10,,,,,,,,,,,,,,,,,,,,,,,,
1000225,LSQ13ccw,56539.03,,,,,18.85,0.09,,,,,,,18.88,0.07,,,,,,,,,,,,,,,,,,,,,,,,,,
1000226,LSQ13ccw,56539.13,,,,,18.91,0.08,,,,,,,18.94,0.06,,,,,,,,,,,,,,,,,,,,,,,,,,
1000227,LSQ13ccw,56541.03,,,,,19.12,0.07,,,,,,,19.18,0.05,,,,,,,,,,,,,,,,,,,,,,,,,,
1000228,LSQ13ccw,56541.12,,,,,19.15,0.07,,,,,,,19.21,0.05,,,,,,,,,,,,,,,,,,,,,,,,,,
1000229,LSQ13ccw,56541.35,,,,,,,,,,,,,19.22,0.14,,,,,,,,,,,,,,,,,,,,,,,,,,
1000230,LSQ13ccw,56541.85,,,19.37,0.06,19.27,0.10,,,,,,,19.16,0.04,19.20,0.12,19.17,0.11,,,,,,,,,,,,,,,,,,,,,,
1000231,LSQ13ccw,56542.49,,,19.45,0.18,19.32,0.23,,,,,,,19.41,0.10,19.35,0.19,19.36,0.20,,,,,,,,,,,,,,,,,,,,,,
1000232,LSQ13ccw,56543.03,,,,,19.53,0.07,,,,,,,19.59,0.05,,,,,,,,,,,,,,,,,,,,,,,,,,
1000233,LSQ13ccw,56543.14,,,,,19.57,0.07,,,,,,,19.63,0.04,,,,,,,,,,,,,,,,,,,,,,,,,,
1000234,LSQ13ccw,56544.12,,,,,19.70,0.06,,,,,,,,,,,,,,,,,,,,,,,,,,,,,,,,,,
1000235,LSQ13ccw,56545.04,,,,,19.82,0.07,,,,,,,19.92,0.05,,,,,,,,,,,,,,,,,,,,,,,,,,
1000236,LSQ13ccw,56545.10,,,20.04,0.13,19.95,0.11,,,,,,,19.88,0.04,19.73,0.06,19.58,0.08,,,,,,,,,,,,,,,,,,,,,,
1000237,LSQ13ccw,56545.15,,,,,19.91,0.06,,,,,,,20.02,0.04,,,,,,,,,,,,,,,,,,,,,,,,,,
1000238,LSQ13ccw,56545.85,,,20.18,0.20,20.00,0.32,,,,,,,,,,,,,,,,,,,,,,,,,,,,,,,,,,
1000239,LSQ13ccw,56546.10,,,20.21,0.37,,,,,,,,,20.13,0.14,19.99,0.19,19.88,0.24,,,,,,,,,,,,,,,,,,,,,,
1000240,LSQ13ccw,56546.85,,,20.36,0.25,,,,,,,,,,,,,,,,,,,,,,,,,,,,,,,,,,,,
1000241,LSQ13ccw,56547.04,,,,,20.34,0.11,,,,,,,20.43,0.10,,,,,,,,,,,,,,,,,,,,,,,,,,
1000242,LSQ13ccw,56547.14,,,,,20.33,0.09,,,,,,,20.42,0.08,,,,,,,,,,,,,,,,,,,,,,,,,,
1000243,LSQ13ccw,56547.87,,,20.53,0.16,,,,,,,,,,,,,,,,,,,,,,,,,,,,,,,,,,,,
1000244,LSQ13ccw,56553.38,,,20.85,0.40,,,,,,,,,20.80,0.43,20.82,0.54,20.82,0.33,,,,,,,,,,,,,,,,,,,,,,
1000245,LSQ13ccw,56554.46,,,21.01,0.21,20.86,0.20,,,,,,,20.95,0.25,20.98,0.45,20.89,0.26,,,,,,,,,,,,,,,,,,,,,,
1000246,LSQ13ccw,56555.43,,,21.17,0.17,21.01,0.40,,,,,,,21.14,0.10,21.10,0.18,21.01,0.18,,,,,,,,,,,,,,,,,,,,,,
1000247,LSQ13ccw,56555.89,,,21.21,0.32,21.03,0.27,,,,,,,,,,,,,,,,,,,,,,,,,,,,,,,,,,
1000248,LSQ13ccw,56556.91,,,21.32,0.23,21.16,0.15,,,,,,,,,,,,,,,,,,,,,,,,,,,,,,,,,,
1000249,LSQ13ccw,56557.90,,,21.57,0.10,21.25,0.12,,,,,,,,,,,,,,,,,,,,,,,,,,,,,,,,,,
1000250,LSQ13ccw,56558.49,,,,,,,,,,,,,,,21.45,0.41,21.43,0.36,,,,,,,,,,,,,,,,,,,,,,
1000251,LSQ13ccw,56558.89,,,21.75,0.10,21.41,0.20,,,,,,,,,,,,,,,,,,,,,,,,,,,,,,,,,,
1000252,LSQ13ccw,56559.90,,,21.94,0.15,,,,,,,,,,,,,,,,,,,,,,,,,,,,,,,,,,,,
1000253,LSQ13ccw,56561.90,,,22.17,0.21,21.80,0.19,,,,,,,,,,,,,,,,,,,,,,,,,,,,,,,,,,
1000254,LSQ13ccw,56562.88,,,22.32,0.11,21.94,0.23,,,,,,,,,,,,,,,,,,,,,,,,,,,,,,,,,,
1000255,LSQ13ccw,56563.87,,,22.45,0.18,22.17,0.18,,,,,,,,,,,,,,,,,,,,,,,,,,,,,,,,,,
1000256,LSQ13ccw,56564.87,,,22.58,0.09,22.27,0.18,,,,,,,,,,,,,,,,,,,,,,,,,,,,,,,,,,
1000257,LSQ13ccw,56566.89,,,22.90,0.19,22.59,0.24,,,,,,,,,,,,,,,,,,,,,,,,,,,,,,,,,,
1000258,LSQ13ccw,56569.89,,,23.37,0.43,23.09,0.33,,,,,,,,,,,,,,,,,,,,,,,,,,,,,,,,,,
1000259,LSQ13ccw,56571.91,,,23.70,0.24,23.34,0.42,,,,,,,,,,,,,,,,,,,,,,,,,,,,,,,,,,
1000260,LSQ13ccw,56572.88,,,,,,,,,,,,,23.80,0.45,23.66,0.52,22.92,0.57,,,,,,,,,,,,,,,,,,,,,,
1000261,OGLE-2012-SN-006,56231.37,,,,,,,,,,,,,,,,,,,,,16.82,0.06,15.77,0.06,15.02,0.08,,,,,,,,,,,,,,
1000262,OGLE-2012-SN-006,56207.34,,,,,,,,,18.99,0.06,,,,,,,,,,,,,,,,,,,,,,,,,,,,,,
1000263,OGLE-2012-SN-006,56209.34,,,,,,,,,18.52,0.06,,,,,,,,,,,,,,,,,,,,,,,,,,,,,,
1000264,OGLE-2012-SN-006,56212.31,,,,,,,,,17.65,0.02,,,,,,,,,,,,,,,,,,,,,,,,,,,,,,
1000265,OGLE-2012-SN-006,56213.33,,,,,,,,,17.59,0.03,,,,,,,,,,,,,,,,,,,,,,,,,,,,,,
1000266,OGLE-2012-SN-006,56214.32,,,,,17.69,0.03,,,17.47,0.02,,,,,,,,,,,,,,,,,,,,,,,,,,,,,,
1000267,OGLE-2012-SN-006,56215.19,,,,,,,,,17.46,0.02,,,,,,,,,,,,,,,,,,,,,,,,,,,,,,
1000268,OGLE-2012-SN-006,56216.31,,,,,,,,,17.39,0.02,,,,,,,,,,,,,,,,,,,,,,,,,,,,,,
1000269,OGLE-2012-SN-006,56217.25,,,,,,,,,17.39,0.02,,,,,,,,,,,,,,,,,,,,,,,,,,,,,,
1000270,OGLE-2012-SN-006,56218.35,,,,,,,,,17.41,0.02,,,,,,,,,,,,,,,,,,,,,,,,,,,,,,
1000271,OGLE-2012-SN-006,56219.26,,,,,,,,,17.45,0.02,,,,,,,,,,,,,,,,,,,,,,,,,,,,,,
1000272,OGLE-2012-SN-006,56220.20,,,,,,,,,17.47,0.02,,,,,,,,,,,,,,,,,,,,,,,,,,,,,,
1000273,OGLE-2012-SN-006,56220.32,,,,,,,,,17.47,0.02,,,,,,,,,,,,,,,,,,,,,,,,,,,,,,
1000274,OGLE-2012-SN-006,56221.30,,,,,17.92,0.03,,,17.52,0.02,,,,,,,,,,,,,,,,,,,,,,,,,,,,,,
1000275,OGLE-2012-SN-006,56225.19,,,,,,,,,17.70,0.02,,,,,,,,,,,,,,,,,,,,,,,,,,,,,,
1000276,OGLE-2012-SN-006,56226.20,,,,,,,,,17.76,0.03,,,,,,,,,,,,,,,,,,,,,,,,,,,,,,
1000277,OGLE-2012-SN-006,56228.16,,,,,,,,,17.79,0.04,,,,,,,,,,,,,,,,,,,,,,,,,,,,,,
1000278,OGLE-2012-SN-006,56229.20,,,,,,,,,17.92,0.03,,,,,,,,,,,,,,,,,,,,,,,,,,,,,,
1000279,OGLE-2012-SN-006,56230.19,,,,,,,,,17.96,0.03,,,,,,,,,,,,,,,,,,,,,,,,,,,,,,
1000280,OGLE-2012-SN-006,56231.21,,,,,,,,,18.01,0.03,,,,,,,,,,,,,,,,,,,,,,,,,,,,,,
1000281,OGLE-2012-SN-006,56231.37,,,19.31,0.10,18.77,0.08,18.50,0.04,18.06,0.06,,,,,,,,,,,,,,,,,,,,,,,,,,,,,,
1000282,OGLE-2012-SN-006,56232.30,,,,,,,,,18.09,0.03,,,,,,,,,,,,,,,,,,,,,,,,,,,,,,
1000283,OGLE-2012-SN-006,56233.27,,,,,,,,,18.15,0.03,,,,,,,,,,,,,,,,,,,,,,,,,,,,,,
1000284,OGLE-2012-SN-006,56235.25,,,,,,,,,18.19,0.03,,,,,,,,,,,,,,,,,,,,,,,,,,,,,,
1000285,OGLE-2012-SN-006,56237.32,,,,,,,,,18.24,0.03,,,,,,,,,,,,,,,,,,,,,,,,,,,,,,
1000286,OGLE-2012-SN-006,56238.29,,,,,,,,,18.34,0.03,,,,,,,,,,,,,,,,,,,,,,,,,,,,,,
1000287,OGLE-2012-SN-006,56239.19,,,,,,,,,18.39,0.03,,,,,,,,,,,,,,,,,,,,,,,,,,,,,,
1000288,OGLE-2012-SN-006,56239.28,,,,,,,,,18.44,0.03,,,,,,,,,,,,,,,,,,,,,,,,,,,,,,
1000289,OGLE-2012-SN-006,56241.27,,,,,,,,,18.38,0.04,,,,,,,,,,,,,,,,,,,,,,,,,,,,,,
1000290,OGLE-2012-SN-006,56242.28,,,,,,,,,18.43,0.03,,,,,,,,,,,,,,,,,,,,,,,,,,,,,,
1000291,OGLE-2012-SN-006,56243.29,,,,,,,,,18.50,0.03,,,,,,,,,,,,,,,,,,,,,,,,,,,,,,
1000292,OGLE-2012-SN-006,56245.27,,,,,20.04,0.05,,,18.54,0.03,,,,,,,,,,,,,,,,,,,,,,,,,,,,,,
1000293,OGLE-2012-SN-006,56248.20,,,,,,,,,18.55,0.03,,,,,,,,,,,,,,,,,,,,,,,,,,,,,,
1000294,OGLE-2012-SN-006,56251.22,,,,,,,,,18.59,0.03,,,,,,,,,,,,,,,,,,,,,,,,,,,,,,
1000295,OGLE-2012-SN-006,56253.32,,,,,20.01,0.10,19.53,0.09,,,,,,,,,,,,,,,,,,,,,,,,,,,,,,,,
1000296,OGLE-2012-SN-006,56253.33,,,,,20.00,0.06,,,,,,,,,,,,,,,,,,,,,,,,,,,,,,,,,,
1000297,OGLE-2012-SN-006,56254.22,,,,,,,,,18.60,0.03,,,,,,,,,,,,,,,,,,,,,,,,,,,,,,
1000298,OGLE-2012-SN-006,56257.23,,,,,,,,,18.59,0.04,,,,,,,,,,,,,,,,,,,,,,,,,,,,,,
1000299,OGLE-2012-SN-006,56262.15,,,,,,,,,18.64,0.04,,,,,,,,,,,,,,,,,,,,,,,,,,,,,,
1000300,OGLE-2012-SN-006,56265.21,,,,,,,,,18.68,0.03,,,,,,,,,,,,,,,,,,,,,,,,,,,,,,
1000301,OGLE-2012-SN-006,56267.15,,,,,20.14,0.06,,,,,,,,,,,,,,,,,,,,,,,,,,,,,,,,,,
1000302,OGLE-2012-SN-006,56269.17,,,,,20.20,0.05,,,18.63,0.03,,,,,,,,,,,,,,,,,,,,,,,,,,,,,,
1000303,OGLE-2012-SN-006,56270.15,,,,,,,,,18.69,0.03,,,,,,,,,,,,,,,,,,,,,,,,,,,,,,
1000304,OGLE-2012-SN-006,56273.17,,,,,20.08,0.06,,,18.63,0.03,,,,,,,,,,,,,,,,,,,,,,,,,,,,,,
1000305,OGLE-2012-SN-006,56274.21,,,,,,,,,18.69,0.03,,,,,,,,,,,,,,,,,,,,,,,,,,,,,,
1000306,OGLE-2012-SN-006,56280.22,,,,,,,,,18.68,0.04,,,,,,,,,,,,,,,,,,,,,,,,,,,,,,
1000307,OGLE-2012-SN-006,56284.19,,,,,,,,,18.69,0.04,,,,,,,,,,,,,,,,,,,,,,,,,,,,,,
1000308,OGLE-2012-SN-006,56287.14,,,,,,,,,18.73,0.04,,,,,,,,,,,,,,,,,,,,,,,,,,,,,,
1000309,OGLE-2012-SN-006,56292.15,,,,,,,,,18.80,0.04,,,,,,,,,,,,,,,,,,,,,,,,,,,,,,
1000310,OGLE-2012-SN-006,56296.19,,,,,,,,,18.78,0.04,,,,,,,,,,,,,,,,,,,,,,,,,,,,,,
1000311,OGLE-2012-SN-006,56300.13,,,,,,,,,18.84,0.04,,,,,,,,,,,,,,,,,,,,,,,,,,,,,,
1000312,OGLE-2012-SN-006,56306.12,,,,,,,,,18.93,0.04,,,,,,,,,,,,,,,,,,,,,,,,,,,,,,
1000313,OGLE-2012-SN-006,56312.20,19.79,0.11,20.58,0.03,20.15,0.03,19.84,0.03,19.03,0.05,,,,,,,,,,,,,,,,,,,,,,,,,,,,,,
1000314,OGLE-2012-SN-006,56314.09,,,,,,,,,19.01,0.05,,,,,,,,,,,,,,,,,,,,,,,,,,,,,,
1000315,OGLE-2012-SN-006,56316.09,,,20.59,0.36,20.04,0.21,19.80,0.21,19.12,0.26,,,,,,,,,,,,,,,,,,,,,,,,,,,,,,
1000316,OGLE-2012-SN-006,56318.09,,,,,19.98,0.12,19.78,0.11,,,,,,,,,,,,,,,,,,,,,,,,,,,,,,,,
1000317,OGLE-2012-SN-006,56319.09,,,,,20.00,0.08,19.76,0.09,,,,,,,,,,,,,,,,,,,,,,,,,,,,,,,,
1000318,OGLE-2012-SN-006,56321.09,,,,,,,,,19.02,0.05,,,,,,,,,,,,,,,,,,,,,,,,,,,,,,
1000319,OGLE-2012-SN-006,56321.09,,,,,20.02,0.12,19.79,0.11,,,,,,,,,,,,,,,,,,,,,,,,,,,,,,,,
1000320,OGLE-2012-SN-006,56323.09,,,,,20.11,0.05,19.66,0.11,,,,,,,,,,,,,,,,,,,,,,,,,,,,,,,,
1000321,OGLE-2012-SN-006,56323.12,,,,,,,,,18.94,0.04,,,,,,,,,,,,,,,,,,,,,,,,,,,,,,
1000322,OGLE-2012-SN-006,56323.17,19.86,0.09,20.55,0.10,20.15,0.03,19.83,0.06,19.07,0.04,,,,,,,,,,,,,,,,,,,,,,,,,,,,,,
1000323,OGLE-2012-SN-006,56323.18,19.86,0.09,20.58,0.05,,,,,,,,,,,,,,,,,,,,,,,,,,,,,,,,,,,,
1000324,OGLE-2012-SN-006,56324.08,,,,,,,,,19.03,0.05,,,,,,,,,,,,,,,,,,,,,,,,,,,,,,
1000325,OGLE-2012-SN-006,56325.05,,,,,20.26,0.05,,,19.09,0.04,,,,,,,,,,,,,,,,,,,,,,,,,,,,,,
1000326,OGLE-2012-SN-006,56325.10,,,,,20.06,0.06,19.70,0.08,19.10,0.23,,,,,,,,,,,,,,,,,,,,,,,,,,,,,,
1000327,OGLE-2012-SN-006,56326.10,,,,,19.99,0.10,19.73,0.21,,,,,,,,,,,,,,,,,,,,,,,,,,,,,,,,
1000328,OGLE-2012-SN-006,56327.08,,,,,20.06,0.07,19.60,0.07,19.00,0.10,,,,,,,,,,,,,,,,,,,,,,,,,,,,,,
1000329,OGLE-2012-SN-006,56328.05,,,,,20.01,0.06,,,19.05,0.05,,,,,,,,,,,,,,,,,,,,,,,,,,,,,,
1000330,OGLE-2012-SN-006,56328.08,,,,,20.01,0.15,19.75,0.06,19.07,0.06,,,,,,,,,,,,,,,,,,,,,,,,,,,,,,
1000331,OGLE-2012-SN-006,56332.08,,,,,20.08,0.22,19.59,0.10,19.01,0.06,,,,,,,,,,,,,,,,,,,,,,,,,,,,,,
1000332,OGLE-2012-SN-006,56334.08,,,,,,,,,19.10,0.05,,,,,,,,,,,,,,,,,,,,,,,,,,,,,,
1000333,OGLE-2012-SN-006,56334.08,,,,,20.12,0.10,19.87,0.05,19.19,0.06,,,,,,,,,,,,,,,,,,,,,,,,,,,,,,
1000334,OGLE-2012-SN-006,56337.04,,,,,20.03,0.05,19.75,0.08,,,,,,,,,,,,,,,,,,,,,,,,,,,,,,,,
1000335,OGLE-2012-SN-006,56339.05,,,,,,,,,19.11,0.05,,,,,,,,,,,,,,,,,,,,,,,,,,,,,,
1000336,OGLE-2012-SN-006,56341.04,,,,,20.22,0.01,19.98,0.08,19.10,0.10,,,,,,,,,,,,,,,,,,,,,,,,,,,,,,
1000337,OGLE-2012-SN-006,56342.03,,,,,20.10,0.09,19.84,0.01,19.30,0.04,,,,,,,,,,,,,,,,,,,,,,,,,,,,,,
1000338,OGLE-2012-SN-006,56343.03,,,,,20.17,0.02,19.87,0.13,19.22,0.03,,,,,,,,,,,,,,,,,,,,,,,,,,,,,,
1000339,OGLE-2012-SN-006,56343.12,19.86,0.10,20.75,0.11,20.29,0.07,19.99,0.06,19.19,0.05,,,,,,,,,,,,,,,,,,,,,,,,,,,,,,
1000340,OGLE-2012-SN-006,56344.03,,,,,20.17,0.02,19.85,0.05,19.10,0.03,,,,,,,,,,,,,,,,,,,,,,,,,,,,,,
1000341,OGLE-2012-SN-006,56344.07,,,,,,,,,19.14,0.04,,,,,,,,,,,,,,,,,,,,,,,,,,,,,,
1000342,OGLE-2012-SN-006,56345.03,,,,,20.11,0.03,19.97,0.05,19.20,0.02,,,,,,,,,,,,,,,,,,,,,,,,,,,,,,
1000343,OGLE-2012-SN-006,56346.03,,,,,20.10,0.08,20.01,0.35,,,,,,,,,,,,,,,,,,,,,,,,,,,,,,,,
1000344,OGLE-2012-SN-006,56347.03,,,,,19.96,0.03,19.89,0.13,19.24,0.22,,,,,,,,,,,,,,,,,,,,,,,,,,,,,,
1000345,OGLE-2012-SN-006,56348.03,,,,,20.00,0.01,19.86,0.08,19.23,0.03,,,,,,,,,,,,,,,,,,,,,,,,,,,,,,
1000346,OGLE-2012-SN-006,56348.05,,,,,,,,,19.17,0.07,,,,,,,,,,,,,,,,,,,,,,,,,,,,,,
1000347,OGLE-2012-SN-006,56349.03,,,,,20.09,0.02,19.96,0.02,19.23,0.03,,,,,,,,,,,,,,,,,,,,,,,,,,,,,,
1000348,OGLE-2012-SN-006,56351.01,,,,,20.18,0.15,,,19.14,0.07,,,,,,,,,,,,,,,,,,,,,,,,,,,,,,
1000349,OGLE-2012-SN-006,56352.03,,,,,20.07,0.03,20.00,0.03,19.25,0.03,,,,,,,,,,,,,,,,,,,,,,,,,,,,,,
1000350,OGLE-2012-SN-006,56352.05,,,,,,,,,19.35,0.08,,,,,,,,,,,,,,,,,,,,,,,,,,,,,,
1000351,OGLE-2012-SN-006,56353.06,,,,,,,,,19.36,0.07,,,,,,,,,,,,,,,,,,,,,,,,,,,,,,
1000352,OGLE-2012-SN-006,56354.03,,,,,,,,,19.22,0.07,,,,,,,,,,,,,,,,,,,,,,,,,,,,,,
1000353,OGLE-2012-SN-006,56354.03,19.96,0.04,20.78,0.04,20.32,0.03,20.02,0.03,19.32,0.02,,,,,,,,,,,,,,,,,,,,,,,,,,,,,,
1000354,OGLE-2012-SN-006,56356.03,,,,,20.29,0.01,20.09,0.01,19.45,0.11,,,,,,,,,,,,,,,,,,,,,,,,,,,,,,
1000355,OGLE-2012-SN-006,56360.03,,,,,20.23,0.05,20.02,0.01,19.24,0.03,,,,,,,,,,,,,,,,,,,,,,,,,,,,,,
1000356,OGLE-2012-SN-006,56362.02,,,,,,,,,19.33,0.06,,,,,,,,,,,,,,,,,,,,,,,,,,,,,,
1000357,OGLE-2012-SN-006,56363.00,,,,,,,,,19.42,0.13,,,,,,,,,,,,,,,,,,,,,,,,,,,,,,
1000358,OGLE-2012-SN-006,56365.03,,,,,20.24,0.02,19.97,0.05,19.34,0.03,,,,,,,,,,,,,,,,,,,,,,,,,,,,,,
1000359,OGLE-2012-SN-006,56368.00,,,,,,,,,19.43,0.08,,,,,,,,,,,,,,,,,,,,,,,,,,,,,,
1000360,OGLE-2012-SN-006,56368.07,20.14,0.07,20.88,0.09,20.45,0.09,,,,,,,,,,,,,,,,,,,,,,,,,,,,,,,,,,
1000361,OGLE-2012-SN-006,56369.04,,,,,,,,,19.36,0.05,,,,,,,,,,,,,,,,,,,,,,,,,,,,,,
1000362,OGLE-2012-SN-006,56370.00,,,,,,,,,19.36,0.11,,,,,,,,,,,,,,,,,,,,,,,,,,,,,,
1000363,OGLE-2012-SN-006,56371.99,,,,,,,,,19.38,0.09,,,,,,,,,,,,,,,,,,,,,,,,,,,,,,
1000364,OGLE-2012-SN-006,56374.01,,,,,,,,,19.62,0.09,,,,,,,,,,,,,,,,,,,,,,,,,,,,,,
1000365,OGLE-2012-SN-006,56376.01,,,,,,,,,19.64,0.13,,,,,,,,,,,,,,,,,,,,,,,,,,,,,,
1000366,OGLE-2012-SN-006,56385.01,20.37,0.04,21.08,0.05,20.65,0.04,20.36,0.04,19.69,0.03,,,,,,,,,,,,,,,,,,,,,,,,,,,,,,
1000367,OGLE-2012-SN-006,56385.99,,,,,,,,,19.64,0.09,,,,,,,,,,,,,,,,,,,,,,,,,,,,,,
1000368,OGLE-2012-SN-006,56388.01,20.40,0.10,21.12,0.09,20.69,0.06,20.42,0.04,19.73,0.05,,,,,,,,,,,,,,,,,,,,,,,,,,,,,,
1000369,OGLE-2012-SN-006,56396.00,,,21.32,0.10,20.81,0.05,20.50,0.05,19.80,0.09,,,,,,,,,,,,,,,,,,,,,,,,,,,,,,
1000370,OGLE-2012-SN-006,56400.99,20.74,0.16,,,,,,,,,,,,,,,,,,,,,,,,,,,,,,,,,,,,,,
1000371,OGLE-2012-SN-006,56401.98,,,,,20.98,0.20,,,,,,,,,,,,,,,,,,,,,,,,,,,,,,,,,,
1000372,OGLE-2012-SN-006,56505.40,,,,,,,,,21.86,0.55,,,,,,,,,,,,,,,,,,,,,,,,,,,,,,
1000373,OGLE-2012-SN-006,56321.07,,,,,,,,,,,,,,,,,,,,,17.62,0.06,16.54,0.05,15.50,0.07,,,,,,,,,,,,,,
1000374,OGLE-2012-SN-006,56331.11,,,,,,,,,,,,,,,,,,,,,17.81,0.09,,,,,,,,,,,,,,,,,,
1000375,OGLE-2012-SN-006,56345.23,,,,,,,,,,,,,,,,,,,,,17.92,0.08,17.14,0.18,15.96,0.11,,,,,,,,,,,,,,
1000376,OGLE-2012-SN-006,56364.01,,,,,,,,,,,,,,,,,,,,,18.18,0.07,17.62,0.10,16.23,0.08,,,,,,,,,,,,,,
1000377,OGLE-2012-SN-006,56394.01,,,,,,,,,,,,,,,,,,,,,18.50,0.10,17.70,0.11,16.41,0.09,,,,,,,,,,,,,,
1000378,OGLE-2012-SN-006,56400.03,,,,,,,,,,,,,,,,,,,,,18.51,0.06,17.68,0.07,16.43,0.07,,,,,,,,,,,,,,
1000379,OGLE-2013-SN-079,56551.15,,,,,,,,,,,,,,,,,,,,,,,,,,,,,,,,,,,,,,,,
1000380,OGLE-2013-SN-079,56555.18,,,,,,,,,21.28,0.25,,,,,,,,,,,,,,,,,,,,,,,,,,,,,,
1000381,OGLE-2013-SN-079,56559.15,,,,,,,,,20.34,0.07,,,,,,,,,,,,,,,,,,,,,,,,,,,,,,
1000382,OGLE-2013-SN-079,56562.16,,,,,,,,,20.10,0.05,,,,,,,,,,,,,,,,,,,,,,,,,,,,,,
1000383,OGLE-2013-SN-079,56565.19,,,,,,,,,19.87,0.04,,,,,,,,,,,,,,,,,,,,,,,,,,,,,,
1000384,OGLE-2013-SN-079,56569.32,,,,,21.16,0.06,,,,,,,,,,,,,,,,,,,,,,,,,,,,,,,,,,
1000385,OGLE-2013-SN-079,56570.43,,,,,,,,,19.99,0.04,,,21.21,0.16,20.58,0.03,,,,,,,,,,,,,,,,,,,,,,,,
1000386,OGLE-2013-SN-079,56571.16,,,,,,,,,20.05,0.06,,,,,,,,,,,,,,,,,,,,,,,,,,,,,,
1000387,OGLE-2013-SN-079,56571.42,,,,,,,,,20.09,0.04,,,21.41,0.12,20.72,0.06,,,,,,,,,,,,,,,,,,,,,,,,
1000388,OGLE-2013-SN-079,56572.42,,,,,,,,,20.16,0.04,,,21.76,0.08,20.77,0.02,,,,,,,,,,,,,,,,,,,,,,,,
1000389,OGLE-2013-SN-079,56573.03,,,,,21.40,0.06,,,,,,,,,,,,,,,,,,,,,,,,,,,,,,,,,,
1000390,OGLE-2013-SN-079,56573.50,,,,,,,,,20.09,0.10,,,22.20,0.18,20.86,0.07,,,,,,,,,,,,,,,,,,,,,,,,
1000391,OGLE-2013-SN-079,56574.44,,,,,,,,,20.18,0.08,,,22.41,0.20,20.89,0.04,,,,,,,,,,,,,,,,,,,,,,,,
1000392,OGLE-2013-SN-079,56575.38,,,,,21.71,0.05,,,20.37,0.06,,,,,20.99,0.06,,,,,,,,,,,,,,,,,,,,,,,,
1000393,OGLE-2013-SN-079,56575.50,,,,,,,,,20.54,0.15,,,22.69,0.23,21.03,0.20,,,,,,,,,,,,,,,,,,,,,,,,
1000394,OGLE-2013-SN-079,56576.10,,,,,,,,,20.45,0.08,,,,,,,,,,,,,,,,,,,,,,,,,,,,,,
1000395,OGLE-2013-SN-079,56581.13,,,,,,,,,21.06,0.20,,,,,,,,,,,,,,,,,,,,,,,,,,,,,,
1000396,OGLE-2013-SN-079,56585.18,,,,,,,,,21.00,0.24,,,,,,,,,,,,,,,,,,,,,,,,,,,,,,
1000397,OGLE-2013-SN-079,56589.20,,,,,,,,,21.34,0.26,,,,,,,,,,,,,,,,,,,,,,,,,,,,,,
1000398,OGLE-2013-SN-079,56590.17,,,,,22.51,0.16,,,21.63,0.16,,,,,21.98,0.14,,,21.36,0.16,,,,,,,,,,,,,,,,,,,,
1000399,OGLE-2013-SN-079,56591.07,,,,,,,,,,,,,,,,,,,,,,,,,,,,,,,,,,,,,,,,
1000400,OGLE-2013-SN-079,56592.19,,,,,22.62,0.08,,,21.86,0.08,,,,,22.09,0.05,,,21.67,0.18,,,,,,,,,,,,,,,,,,,,
1000401,OGLE-2013-SN-079,56595.11,,,,,,,,,21.99,0.34,,,,,,,,,,,,,,,,,,,,,,,,,,,,,,
1000402,OGLE-2013-SN-079,56603.08,,,,,,,,,,,,,,,,,,,,,,,,,,,,,,,,,,,,,,,,
1000403,OGLE-2013-SN-079,56608.25,,,,,,,,,22.65,0.17,,,,,23.20,0.13,,,22.35,0.17,,,,,,,,,,,,,,,,,,,,
1000404,OGLE-2013-SN-079,56579.21,,,,,,,,,,,,,,,,,,,,,19.98,0.20,,,,,,,,,,,,,,,,,,
1000405,SN2009ip,56385.40,,,,,19.23,0.06,18.24,0.06,,,,,,,,,,,,,,,,,,,,,,,,,,,,,,,,
1000406,SN2009ip,56386.38,,,,,19.25,0.05,,,,,,,,,,,,,,,,,,,,,,,,,,,,,,,,,,
1000407,SN2009ip,56388.41,,,19.95,0.10,,,,,,,,,,,,,,,,,,,,,,,,,,,,,,,,,,,,
1000408,SN2009ip,56390.40,,,,,19.26,0.10,18.32,0.07,18.86,0.08,,,,,,,,,,,,,,,,,,,,,,,,,,,,,,
1000409,SN2009ip,56394.39,,,,,19.43,0.07,18.42,0.08,18.76,0.10,,,,,,,,,,,,,,,,,,,,,,,,,,,,,,
1000410,SN2009ip,56395.37,,,,,19.25,0.06,,,,,,,,,,,,,,,,,,,,,,,,,,,,,,,,,,
1000411,SN2009ip,56396.37,,,,,19.34,0.07,,,,,,,,,,,,,,,,,,,,,,,,,,,,,,,,,,
1000412,SN2009ip,56397.90,,,,,19.34,0.11,18.29,0.06,18.80,0.09,,,,,,,,,,,,,,,,,,,,,,,,,,,,,,
1000413,SN2009ip,56402.37,,,,,19.38,0.05,,,,,,,,,,,,,,,,,,,,,,,,,,,,,,,,,,
1000414,SN2009ip,56411.85,,,,,,,18.47,0.05,,,,,,,,,,,,,,,,,,,,,,,,,,,,,,,,
1000415,SN2009ip,56415.37,,,,,,,18.46,0.12,,,,,,,,,,,,,,,,,,,,,,,,,,,,,,,,
1000416,SN2009ip,56418.33,,,,,,,18.42,0.06,,,,,,,,,,,,,,,,,,,,,,,,,,,,,,,,
1000417,SN2009ip,56432.34,,,,,,,18.55,0.06,,,,,,,,,,,,,,,,,,,,,,,,,,,,,,,,
1000418,SN2009ip,56435.40,,,,,,,18.59,0.05,,,,,,,,,,,,,,,,,,,,,,,,,,,,,,,,
1000419,SN2009ip,56437.78,,,20.48,0.09,19.89,0.06,18.53,0.05,18.96,0.08,,,,,,,,,,,,,,,,,,,,,,,,,,,,,,
1000420,SN2009ip,56440.79,,,,,19.93,0.11,18.61,0.07,,,,,,,,,,,,,,,,,,,,,,,,,,,,,,,,
1000421,SN2009ip,56446.69,,,20.55,0.05,20.02,0.07,18.62,0.04,19.12,0.08,,,,,,,,,,,,,,,,,,,,,,,,,,,,,,
1000422,SN2009ip,56447.34,,,,,,,18.67,0.03,,,,,,,,,,,,,,,,,,,,,,,,,,,,,,,,
1000423,SN2009ip,56457.35,,,,,,,18.77,0.05,,,,,,,,,,,,,,,,,,,,,,,,,,,,,,,,
1000424,SN2009ip,56461.82,,,20.34,0.05,20.08,0.05,18.70,0.04,19.22,0.04,,,,,,,,,,,,,,,,,,,,,,,,,,,,,,
1000425,SN2009ip,56473.40,,,,,,,18.82,0.03,,,,,,,,,,,,,,,,,,,,,,,,,,,,,,,,
1000426,SN2009ip,56485.81,,,20.73,0.04,20.17,0.07,18.76,0.04,19.34,0.08,,,,,,,,,,,,,,,,,,,,,,,,,,,,,,
1000427,SN2009ip,56496.33,,,,,,,18.85,0.05,,,,,,,,,,,,,,,,,,,,,,,,,,,,,,,,
1000428,SN2009ip,56499.11,,,20.83,0.23,20.02,0.10,,,,,,,,,,,,,,,,,,,,,,,,,,,,,,,,,,
1000429,SN2009ip,56500.70,,,20.67,0.07,20.12,0.06,18.82,0.04,,,,,,,,,,,,,,,,,,,,,,,,,,,,,,,,
1000430,SN2009ip,56501.34,,,20.68,0.08,20.06,0.05,18.97,0.06,19.27,0.05,,,,,,,,,,,,,,,,,,,,,,,,,,,,,,
1000431,SN2009ip,56503.70,,,20.91,0.11,20.36,0.10,18.89,0.06,19.58,0.13,,,,,,,,,,,,,,,,,,,,,,,,,,,,,,
1000432,SN2009ip,56509.20,,,20.71,0.06,20.08,0.05,19.01,0.06,19.45,0.06,,,,,,,,,,,,,,,,,,,,,,,,,,,,,,
1000433,SN2009ip,56509.79,,,20.70,0.05,20.14,0.08,18.82,0.04,19.44,0.10,,,,,,,,,,,,,,,,,,,,,,,,,,,,,,
1000434,SN2009ip,56512.02,,,20.67,0.09,20.02,0.09,,,,,,,,,,,,,,,,,,,,,,,,,,,,,,,,,,
1000435,SN2009ip,56515.62,,,20.78,0.08,20.27,0.07,18.90,0.04,,,,,,,,,,,,,,,,,,,,,,,,,,,,,,,,
1000436,SN2009ip,56516.15,,,,,,,18.93,0.12,,,,,,,,,,,,,,,,,,,,,,,,,,,,,,,,
1000437,SN2009ip,56519.13,,,20.82,0.04,20.20,0.05,19.03,0.07,19.52,0.05,,,,,,,,,,,,,,,,,,,,,,,,,,,,,,
1000438,SN2009ip,56520.07,,,20.88,0.12,20.06,0.05,,,,,,,,,,,,,,,,,,,,,,,,,,,,,,,,,,
1000439,SN2009ip,56521.59,,,20.88,0.09,20.39,0.05,18.96,0.03,19.59,0.10,,,,,,,,,,,,,,,,,,,,,,,,,,,,,,
1000440,SN2009ip,56530.63,,,,,20.20,0.19,18.99,0.12,,,,,,,,,,,,,,,,,,,,,,,,,,,,,,,,
1000441,SN2009ip,56531.10,,,20.88,0.06,20.27,0.06,19.14,0.06,19.61,0.09,,,,,,,,,,,,,,,,,,,,,,,,,,,,,,
1000442,SN2009ip,56533.62,,,,,,,19.01,0.08,,,,,,,,,,,,,,,,,,,,,,,,,,,,,,,,
1000443,SN2009ip,56534.01,,,20.96,0.12,20.09,0.07,,,,,,,,,,,,,,,,,,,,,,,,,,,,,,,,,,
1000444,SN2009ip,56544.04,,,,,20.17,0.07,,,,,,,,,,,,,,,,,,,,,,,,,,,,,,,,,,
1000445,SN2009ip,56547.20,,,20.75,0.05,20.14,0.04,19.12,0.05,19.66,0.08,,,,,,,,,,,,,,,,,,,,,,,,,,,,,,
1000446,SN2009ip,56553.95,,,,,20.24,0.23,,,,,,,,,,,,,,,,,,,,,,,,,,,,,,,,,,
1000447,SN2009ip,56561.95,,,20.77,0.08,20.26,0.07,,,,,,,,,,,,,,,,,,,,,,,,,,,,,,,,,,
1000448,SN2009ip,56569.05,,,20.99,0.06,20.39,0.10,19.23,0.04,19.77,0.07,,,,,,,,,,,,,,,,,,,,,,,,,,,,,,
1000449,SN2009ip,56581.18,,,20.86,0.13,20.46,0.15,19.30,0.06,19.82,0.08,,,,,,,,,,,,,,,,,,,,,,,,,,,,,,
1000450,SN2009ip,56590.14,,,21.07,0.10,20.52,0.11,19.34,0.08,19.96,0.24,,,,,,,,,,,,,,,,,,,,,,,,,,,,,,
1000451,SN2009ip,56601.83,,,,,20.41,0.32,,,,,,,,,,,,,,,,,,,,,,,,,,,,,,,,,,
1000452,SN2009ip,56619.87,,,21.24,0.09,20.51,0.07,,,,,,,,,,,,,,,,,,,,,,,,,,,,,,,,,,
1000453,SN2009ip,56622.82,,,21.25,0.13,20.50,0.07,,,,,,,,,,,,,,,,,,,,,,,,,,,,,,,,,,
1000454,SN2009ip,56627.05,,,21.19,0.06,20.67,0.05,19.43,0.04,19.98,0.09,,,,,,,,,,,,,,,,,,,,,,,,,,,,,,
1000455,SN2009ip,56650.05,,,21.25,0.07,20.71,0.04,19.45,0.05,20.13,0.05,,,,,,,,,,,,,,,,,,,,,,,,,,,,,,
1000456,SN2009ip,56768.32,,,,,21.05,0.05,19.80,0.07,20.40,0.27,,,,,,,,,,,,,,,,,,,,,,,,,,,,,,
1000457,SN2009ip,56770.36,,,21.62,0.10,,,,,,,,,,,,,,,,,,,,,,,,,,,,,,,,,,,,
1000458,SN2009ip,56771.40,,,,,21.17,0.06,19.84,0.05,20.65,0.10,,,,,,,,,,,,,,,,,,,,,,,,,,,,,,
1000459,SN2009ip,56776.38,,,,,21.03,0.18,19.80,0.11,20.52,0.21,,,,,,,,,,,,,,,,,,,,,,,,,,,,,,
1000460,SN2009ip,56782.37,,,21.61,0.61,21.10,0.09,19.90,0.08,20.83,0.29,,,,,,,,,,,,,,,,,,,,,,,,,,,,,,
1000461,SN2009ip,56885.12,,,21.92,0.08,21.45,0.05,20.21,0.04,20.89,0.08,,,,,,,,,,,,,,,,,,,,,,,,,,,,,,
1000462,SN2009ip,56916.20,,,,,,,19.90,0.08,,,,,,,,,,,,,,,,,,,,,,,,,,,,,,,,
1000463,SN2009ip,56924.02,,,21.79,0.13,21.45,0.05,20.27,0.06,,,,,,,,,,,,,,,,,,,,,,,,,,,,,,,,
1000464,SN2009ip,56929.21,,,21.94,0.10,21.54,0.07,20.28,0.05,,,,,,,,,,,,,,,,,,,,,,,,,,,,,,,,
1000465,SN2009ip,56975.06,,,21.99,0.09,21.61,0.09,20.44,0.06,21.21,0.08,,,,,,,,,,,,,,,,,,,,,,,,,,,,,,
1000466,SN2009ip,57014.06,,,22.00,0.07,21.73,0.07,20.55,0.07,21.45,0.31,,,,,,,,,,,,,,,,,,,,,,,,,,,,,,
1000467,SN2009ip,56209.04,13.00,0.04,13.87,0.02,13.90,0.01,13.75,0.01,13.68,0.01,,,,,,,,,,,,,,,,,,,,,,,,,,,,,,
1000468,SN2009ip,56210.27,13.04,0.02,13.93,0.01,13.93,0.01,13.78,0.01,13.69,0.01,,,,,,,,,,,,,,,,,,,,,,,,,,,,,,
1000469,SN2009ip,56215.24,13.15,0.02,14.01,0.01,13.97,0.01,13.79,0.01,13.72,0.01,,,,,,,,,,,,,,,,,,,,,,,,,,,,,,
1000470,SN2009ip,56216.02,13.22,0.01,14.09,0.01,14.06,0.01,13.87,0.01,13.79,0.01,,,,,,,,,,,,,,,,,,,,,,,,,,,,,,
1000471,SN2009ip,56216.71,13.34,0.05,14.16,0.05,14.03,0.05,,,,,,,,,,,,,,,,,,,,,,,,,,,,,,,,,,
1000472,SN2009ip,56216.77,,,14.28,0.05,,,,,,,,,,,,,,,,,,,,,,,,,,,,,,,,,,,,
1000473,SN2009ip,56218.01,,,14.40,0.02,14.17,0.02,13.97,0.02,13.92,0.04,,,,,,,,,,,,,,,,,,,,,,,,,,,,,,
1000474,SN2009ip,56219.02,,,,,14.21,0.01,14.04,0.03,13.95,0.03,,,,,,,,,,,,,,,,,,,,,,,,,,,,,,
1000475,SN2009ip,56219.32,13.82,0.05,14.37,0.05,14.20,0.05,,,,,,,,,,,,,,,,,,,,,,,,,,,,,,,,,,
1000476,SN2009ip,56220.89,13.84,0.03,14.45,0.06,14.28,0.04,14.09,0.04,13.99,0.05,,,,,,,,,,,,,,,,,,,,,,,,,,,,,,
1000477,SN2009ip,56220.96,13.88,0.04,,,,,,,,,,,,,,,,,,,,,,,,,,,,,,,,,,,,,,
1000478,SN2009ip,56221.04,13.90,0.05,14.47,0.05,14.30,0.05,,,,,,,,,,,,,,,,,,,,,,,,,,,,,,,,,,
1000479,SN2009ip,56221.18,13.80,0.04,14.51,0.01,14.34,0.01,14.15,0.01,14.02,0.01,,,,,,,,,,,,,,,,,,,,,,,,,,,,,,
1000480,SN2009ip,56221.91,13.89,0.02,14.51,0.02,14.35,0.01,14.15,0.01,,,,,,,,,,,,,,,,,,,,,,,,,,,,,,,,
1000481,SN2009ip,56222.78,13.93,0.05,14.61,0.05,14.45,0.05,,,,,,,,,,,,,,,,,,,,,,,,,,,,,,,,,,
1000482,SN2009ip,56222.92,14.07,0.10,14.68,0.02,14.41,0.02,14.19,0.02,14.15,0.02,,,,,,,,,,,,,,,,,,,,,,,,,,,,,,
1000483,SN2009ip,56223.07,,,,,14.40,0.01,14.22,0.01,14.15,0.04,,,,,,,,,,,,,,,,,,,,,,,,,,,,,,
1000484,SN2009ip,56223.25,14.13,0.03,14.59,0.02,14.44,0.01,14.24,0.01,14.12,0.02,,,,,,,,,,,,,,,,,,,,,,,,,,,,,,
1000485,SN2009ip,56224.87,14.20,0.02,14.74,0.01,14.48,0.02,14.29,0.01,14.22,0.05,,,,,,,,,,,,,,,,,,,,,,,,,,,,,,
1000486,SN2009ip,56224.99,14.26,0.06,14.66,0.03,14.49,0.06,,,,,,,,,,,,,,,,,,,,,,,,,,,,,,,,,,
1000487,SN2009ip,56225.02,,,14.79,0.02,14.54,0.05,14.29,0.03,14.22,0.02,,,,,,,,,,,,,,,,,,,,,,,,,,,,,,
1000488,SN2009ip,56225.12,14.27,0.05,,,,,,,,,,,,,,,,,,,,,,,,,,,,,,,,,,,,,,
1000489,SN2009ip,56225.88,14.33,0.09,14.86,0.02,14.65,0.01,14.41,0.01,14.34,0.03,,,,,,,,,,,,,,,,,,,,,,,,,,,,,,
1000490,SN2009ip,56226.73,14.62,0.06,14.92,0.05,14.69,0.06,,,,,,,,,,,,,,,,,,,,,,,,,,,,,,,,,,
1000491,SN2009ip,56228.86,14.97,0.06,,,,,,,,,,,,,,,,,,,,,,,,,,,,,,,,,,,,,,
1000492,SN2009ip,56229.05,,,15.42,0.05,15.02,0.03,14.74,0.04,14.61,0.04,,,,,,,,,,,,,,,,,,,,,,,,,,,,,,
1000493,SN2009ip,56229.21,15.03,0.06,15.23,0.06,15.00,0.07,,,,,,,,,,,,,,,,,,,,,,,,,,,,,,,,,,
1000494,SN2009ip,56230.87,15.38,0.06,15.57,0.05,15.13,0.06,,,,,,,,,,,,,,,,,,,,,,,,,,,,,,,,,,
1000495,SN2009ip,56231.03,,,15.49,0.03,,,,,,,,,,,,,,,,,,,,,,,,,,,,,,,,,,,,
1000496,SN2009ip,56233.35,15.25,0.06,15.39,0.06,14.97,0.06,,,,,,,,,,,,,,,,,,,,,,,,,,,,,,,,,,
1000497,SN2009ip,56234.98,15.17,0.05,15.22,0.05,14.78,0.06,,,,,,,,,,,,,,,,,,,,,,,,,,,,,,,,,,
1000498,SN2009ip,56236.09,14.87,0.01,15.21,0.01,14.92,0.06,14.71,0.01,14.36,0.04,,,,,,,,,,,,,,,,,,,,,,,,,,,,,,
1000499,SN2009ip,56236.71,15.02,0.05,15.17,0.06,14.81,0.05,,,,,,,,,,,,,,,,,,,,,,,,,,,,,,,,,,
1000500,SN2009ip,56237.07,,,15.32,0.03,,,,,,,,,,,,,,,,,,,,,,,,,,,,,,,,,,,,
1000501,SN2009ip,56238.03,,,15.37,0.04,15.07,0.03,14.84,0.03,14.68,0.03,,,,,,,,,,,,,,,,,,,,,,,,,,,,,,
1000502,SN2009ip,56238.55,15.39,0.05,15.40,0.04,15.15,0.07,,,,,,,,,,,,,,,,,,,,,,,,,,,,,,,,,,
1000503,SN2009ip,56239.02,,,15.56,0.02,,,,,,,,,,,,,,,,,,,,,,,,,,,,,,,,,,,,
1000504,SN2009ip,56239.14,15.33,0.01,15.56,0.01,15.26,0.01,14.96,0.02,14.80,0.02,,,,,,,,,,,,,,,,,,,,,,,,,,,,,,
1000505,SN2009ip,56240.55,15.68,0.05,15.74,0.05,15.29,0.06,,,,,,,,,,,,,,,,,,,,,,,,,,,,,,,,,,
1000506,SN2009ip,56242.04,,,15.99,0.05,15.50,0.02,15.21,0.02,15.03,0.04,,,,,,,,,,,,,,,,,,,,,,,,,,,,,,
1000507,SN2009ip,56242.79,16.11,0.07,16.14,0.06,15.57,0.06,,,,,,,,,,,,,,,,,,,,,,,,,,,,,,,,,,
1000508,SN2009ip,56242.80,16.08,0.05,16.09,0.02,15.60,0.05,15.26,0.07,15.03,0.05,,,,,,,,,,,,,,,,,,,,,,,,,,,,,,
1000509,SN2009ip,56243.04,,,16.13,0.04,15.59,0.02,15.24,0.03,15.11,0.04,,,,,,,,,,,,,,,,,,,,,,,,,,,,,,
1000510,SN2009ip,56244.04,,,16.17,0.02,15.67,0.02,15.35,0.02,15.15,0.04,,,,,,,,,,,,,,,,,,,,,,,,,,,,,,
1000511,SN2009ip,56244.92,16.39,0.07,16.24,0.06,15.71,0.06,,,,,,,,,,,,,,,,,,,,,,,,,,,,,,,,,,
1000512,SN2009ip,56244.82,16.28,0.09,16.30,0.06,15.69,0.02,15.35,0.08,15.22,0.03,,,,,,,,,,,,,,,,,,,,,,,,,,,,,,
1000513,SN2009ip,56246.11,,,,,,,15.37,0.02,,,,,,,,,,,,,,,,,,,,,,,,,,,,,,,,
1000514,SN2009ip,56246.17,,,16.29,0.03,15.70,0.07,15.42,0.03,15.22,0.05,,,,,,,,,,,,,,,,,,,,,,,,,,,,,,
1000515,SN2009ip,56247.41,16.52,0.08,16.41,0.05,15.81,0.07,,,,,,,,,,,,,,,,,,,,,,,,,,,,,,,,,,
1000516,SN2009ip,56248.54,16.58,0.06,16.43,0.06,15.85,0.07,,,,,,,,,,,,,,,,,,,,,,,,,,,,,,,,,,
1000517,SN2009ip,56249.08,,,16.43,0.03,15.80,0.03,15.48,0.02,15.27,0.04,,,,,,,,,,,,,,,,,,,,,,,,,,,,,,
1000518,SN2009ip,56250.54,16.87,0.09,16.59,0.07,15.96,0.07,,,,,,,,,,,,,,,,,,,,,,,,,,,,,,,,,,
1000519,SN2009ip,56252.13,,,16.76,0.03,16.04,0.06,15.69,0.04,15.45,0.06,,,,,,,,,,,,,,,,,,,,,,,,,,,,,,
1000520,SN2009ip,56252.16,17.12,0.02,16.77,0.01,16.21,0.06,15.73,0.04,15.48,0.02,,,,,,,,,,,,,,,,,,,,,,,,,,,,,,
1000521,SN2009ip,56253.08,17.15,0.09,16.82,0.08,16.15,0.08,,,,,,,,,,,,,,,,,,,,,,,,,,,,,,,,,,
1000522,SN2009ip,56254.58,17.51,0.09,16.87,0.07,16.29,0.07,,,,,,,,,,,,,,,,,,,,,,,,,,,,,,,,,,
1000523,SN2009ip,56256.14,,,16.95,0.05,16.25,0.04,15.81,0.04,15.52,0.05,,,,,,,,,,,,,,,,,,,,,,,,,,,,,,
1000524,SN2009ip,56257.17,17.64,0.08,17.04,0.07,16.38,0.09,,,,,,,,,,,,,,,,,,,,,,,,,,,,,,,,,,
1000525,SN2009ip,56259.03,17.66,0.08,17.19,0.08,16.47,0.07,,,,,,,,,,,,,,,,,,,,,,,,,,,,,,,,,,
1000526,SN2009ip,56260.83,17.64,0.09,17.19,0.07,16.52,0.07,,,,,,,,,,,,,,,,,,,,,,,,,,,,,,,,,,
1000527,SN2009ip,56261.15,,,17.06,0.04,16.37,0.03,,,,,,,,,,,,,,,,,,,,,,,,,,,,,,,,,,
1000528,SN2009ip,56262.70,17.62,0.08,17.18,0.07,16.47,0.07,,,,,,,,,,,,,,,,,,,,,,,,,,,,,,,,,,
1000529,SN2009ip,56264.08,,,17.22,0.04,16.40,0.01,15.93,0.02,15.62,0.05,,,,,,,,,,,,,,,,,,,,,,,,,,,,,,
1000530,SN2009ip,56264.82,17.46,0.10,17.14,0.07,16.48,0.04,15.86,0.08,15.70,0.05,,,,,,,,,,,,,,,,,,,,,,,,,,,,,,
1000531,SN2009ip,56265.06,17.66,0.10,17.31,0.06,16.54,0.04,16.06,0.03,15.66,0.05,,,,,,,,,,,,,,,,,,,,,,,,,,,,,,
1000532,SN2009ip,56265.11,17.82,0.09,17.37,0.08,16.69,0.07,,,,,,,,,,,,,,,,,,,,,,,,,,,,,,,,,,
1000533,SN2009ip,56266.65,18.01,0.12,17.68,0.09,16.72,0.08,,,,,,,,,,,,,,,,,,,,,,,,,,,,,,,,,,
1000534,SN2009ip,56269.16,18.59,0.17,18.16,0.11,17.04,0.11,,,,,,,,,,,,,,,,,,,,,,,,,,,,,,,,,,
1000535,SN2009ip,56270.85,18.87,0.24,18.31,0.14,17.32,0.13,,,,,,,,,,,,,,,,,,,,,,,,,,,,,,,,,,
1000536,SN2009ip,56272.08,,,18.34,0.04,17.30,0.04,16.62,0.03,16.32,0.09,,,,,,,,,,,,,,,,,,,,,,,,,,,,,,
1000537,SN2009ip,56272.76,18.97,0.21,18.52,0.14,17.46,0.14,,,,,,,,,,,,,,,,,,,,,,,,,,,,,,,,,,
1000538,SN2009ip,56273.05,,,,,,,16.72,0.05,,,,,,,,,,,,,,,,,,,,,,,,,,,,,,,,
1000539,SN2009ip,56274.62,19.06,0.42,18.86,0.33,18.06,0.30,,,,,,,,,,,,,,,,,,,,,,,,,,,,,,,,,,
1000540,SN2009ip,56275.07,,,19.03,0.06,18.00,0.05,17.22,0.04,16.94,0.07,,,,,,,,,,,,,,,,,,,,,,,,,,,,,,
1000541,SN2009ip,56276.73,,,19.30,0.22,18.53,0.21,,,,,,,,,,,,,,,,,,,,,,,,,,,,,,,,,,
1000542,SN2009ip,56278.05,,,19.16,0.10,18.35,0.14,17.46,0.11,17.24,0.11,,,,,,,,,,,,,,,,,,,,,,,,,,,,,,
1000543,SN2009ip,56282.09,19.45,0.10,19.22,0.09,18.27,0.06,17.42,0.05,17.15,0.10,,,,,,,,,,,,,,,,,,,,,,,,,,,,,,
1000544,SN2009ip,56290.07,,,,,18.55,0.11,,,,,,,,,,,,,,,,,,,,,,,,,,,,,,,,,,
1000545,SN2009ip,56216.71,,,,,,,,,,,,,,,,,,,,,,,,,,,,,13.39,0.05,13.12,0.05,13.33,0.05,,,,,,
1000546,SN2009ip,56216.87,,,,,,,,,,,,,,,,,,,,,,,,,,,,,13.54,0.05,,,,,,,,,,
1000547,SN2009ip,56216.90,,,,,,,,,,,,,,,,,,,,,,,,,,,,,,,13.29,0.06,,,,,,,,
1000548,SN2009ip,56219.32,,,,,,,,,,,,,,,,,,,,,,,,,,,,,14.20,0.05,13.97,0.06,13.79,0.06,,,,,,
1000549,SN2009ip,56220.93,,,,,,,,,,,,,,,,,,,,,,,,,,,,,14.58,0.05,,,,,,,,,,
1000550,SN2009ip,56221.04,,,,,,,,,,,,,,,,,,,,,,,,,,,,,14.59,0.06,14.39,0.06,14.10,0.06,,,,,,
1000551,SN2009ip,56222.78,,,,,,,,,,,,,,,,,,,,,,,,,,,,,14.90,0.06,14.55,0.06,14.26,0.06,,,,,,
1000552,SN2009ip,56222.98,,,,,,,,,,,,,,,,,,,,,,,,,,,,,,,14.56,0.07,,,,,,,,
1000553,SN2009ip,56222.99,,,,,,,,,,,,,,,,,,,,,,,,,,,,,14.70,0.05,,,,,,,,,,
1000554,SN2009ip,56224.99,,,,,,,,,,,,,,,,,,,,,,,,,,,,,15.29,0.07,14.93,0.06,14.48,0.06,,,,,,
1000555,SN2009ip,56225.00,,,,,,,,,,,,,,,,,,,,,,,,,,,,,,,15.15,0.07,,,,,,,,
1000556,SN2009ip,56225.14,,,,,,,,,,,,,,,,,,,,,,,,,,,,,15.31,0.06,,,,,,,,,,
1000557,SN2009ip,56226.73,,,,,,,,,,,,,,,,,,,,,,,,,,,,,15.54,0.07,15.26,0.07,14.85,0.06,,,,,,
1000558,SN2009ip,56229.21,,,,,,,,,,,,,,,,,,,,,,,,,,,,,15.98,0.08,15.61,0.07,15.39,0.07,,,,,,
1000559,SN2009ip,56230.87,,,,,,,,,,,,,,,,,,,,,,,,,,,,,16.51,0.09,16.00,0.05,15.59,0.07,,,,,,
1000560,SN2009ip,56233.35,,,,,,,,,,,,,,,,,,,,,,,,,,,,,16.64,0.08,16.19,0.07,15.76,0.07,,,,,,
1000561,SN2009ip,56234.28,,,,,,,,,,,,,,,,,,,,,,,,,,,,,16.64,0.08,16.27,0.04,,,,,,,,
1000562,SN2009ip,56234.98,,,,,,,,,,,,,,,,,,,,,,,,,,,,,16.68,0.08,16.20,0.06,15.64,0.06,,,,,,
1000563,SN2009ip,56236.71,,,,,,,,,,,,,,,,,,,,,,,,,,,,,16.68,0.07,16.42,0.06,15.65,0.06,,,,,,
1000564,SN2009ip,56238.55,,,,,,,,,,,,,,,,,,,,,,,,,,,,,16.51,0.09,16.20,0.07,15.58,0.08,,,,,,
1000565,SN2009ip,56240.55,,,,,,,,,,,,,,,,,,,,,,,,,,,,,17.19,0.06,16.74,0.06,16.06,0.08,,,,,,
1000566,SN2009ip,56242.79,,,,,,,,,,,,,,,,,,,,,,,,,,,,,17.57,0.10,16.91,0.09,16.45,0.08,,,,,,
1000567,SN2009ip,56244.92,,,,,,,,,,,,,,,,,,,,,,,,,,,,,17.81,0.10,17.51,0.10,17.08,0.16,,,,,,
1000568,SN2009ip,56247.41,,,,,,,,,,,,,,,,,,,,,,,,,,,,,18.00,0.15,17.70,0.13,17.26,0.10,,,,,,
1000569,SN2009ip,56248.54,,,,,,,,,,,,,,,,,,,,,,,,,,,,,18.15,0.12,17.80,0.11,17.28,0.10,,,,,,
1000570,SN2009ip,56250.54,,,,,,,,,,,,,,,,,,,,,,,,,,,,,18.43,0.11,17.98,0.12,17.35,0.12,,,,,,
1000571,SN2009ip,56253.08,,,,,,,,,,,,,,,,,,,,,,,,,,,,,18.94,0.17,18.68,0.15,17.57,0.11,,,,,,
1000572,SN2009ip,56254.58,,,,,,,,,,,,,,,,,,,,,,,,,,,,,19.19,0.16,18.75,0.10,17.75,0.11,,,,,,
1000573,SN2009ip,56257.17,,,,,,,,,,,,,,,,,,,,,,,,,,,,,19.45,0.22,19.06,0.17,18.07,0.10,,,,,,
1000574,SN2009ip,56259.03,,,,,,,,,,,,,,,,,,,,,,,,,,,,,19.68,0.22,19.26,0.18,18.22,0.11,,,,,,
1000575,SN2009ip,56260.83,,,,,,,,,,,,,,,,,,,,,,,,,,,,,20.08,0.26,19.14,0.13,18.36,0.11,,,,,,
1000576,SN2009ip,56262.70,,,,,,,,,,,,,,,,,,,,,,,,,,,,,20.10,0.26,19.59,0.17,18.72,0.13,,,,,,
1000577,SN2009ip,56265.11,,,,,,,,,,,,,,,,,,,,,,,,,,,,,20.10,0.26,19.56,0.20,18.68,0.14,,,,,,
1000578,SN2009ip,56212.24,,,,,,,,,,,,,,,,,,,,,13.98,0.07,13.78,0.04,,,,,,,,,,,,,,,,
1000579,SN2009ip,56330.16,,,,,,,,,,,,,,,,,,,,,,,13.49,0.07,,,,,,,,,,,,,,,,
1000580,SN2009ip,56220.83,,,,,,,,,,,,,,,,,,,,,13.99,0.08,13.67,0.04,13.27,0.08,,,,,,,,,,,,,,
1000581,SN2009ip,56221.02,,,,,,,,,,,,,,,,,,,,,14.19,0.13,,,,,,,,,,,,,,,,,,
1000582,SN2009ip,56223.19,,,,,,,,,,,,,,,,,,,,,14.17,0.02,13.71,0.04,13.66,0.13,,,,,,,,,,,,,,
1000583,SN2009ip,56226.06,,,,,,,,,,,,,,,,,,,,,14.40,0.12,,,,,,,,,,,,,,,,,,
1000584,SN2009ip,56237.05,,,,,,,,,,,,,,,,,,,,,14.41,0.08,14.22,0.11,13.94,0.12,,,,,,,,,,,,,,
1000585,SN2009ip,56242.18,,,,,,,,,,,,,,,,,,,,,15.18,0.08,14.97,0.10,,,,,,,,,,,,,,,,
1000586,SN2009ip,56245.06,,,,,,,,,,,,,,,,,,,,,14.95,0.07,14.75,0.08,14.57,0.06,,,,,,,,,,,,,,
1000587,SN2009ip,56266.02,,,,,,,,,,,,,,,,,,,,,15.33,0.04,15.09,0.08,14.91,0.05,,,,,,,,,,,,,,
1000588,SN2009ip,56283.08,,,,,,,,,,,,,,,,,,,,,16.88,0.11,16.62,0.08,16.29,0.09,,,,,,,,,,,,,,
1000589,SN2009ip,56147.23,17.54,0.01,18.51,0.01,18.43,0.04,18.22,0.03,18.12,0.05,,,,,,,,,,,,,,,,,,,,,,,,,,,,,,
1000590,SN2009ip,56148.41,,,,,,,18.46,0.08,,,,,,,,,,,,,,,,,,,,,,,,,,,,,,,,
1000591,SN2009ip,56150.40,,,,,,,18.23,0.05,,,,,,,,,,,,,,,,,,,,,,,,,,,,,,,,
1000592,SN2009ip,56157.26,16.54,0.22,17.24,0.10,17.05,0.11,16.86,0.06,16.73,0.11,,,,,,,,,,,,,,,,,,,,,,,,,,,,,,
1000593,SN2009ip,56164.28,,,,,,,16.94,0.02,,,,,,,,,,,,,,,,,,,,,,,,,,,,,,,,
1000594,SN2009ip,56165.09,16.09,0.01,16.88,0.01,16.84,0.02,16.61,0.02,16.53,0.02,,,,,,,,,,,,,,,,,,,,,,,,,,,,,,
1000595,SN2009ip,56166.15,16.24,0.01,17.02,0.01,16.93,0.01,16.73,0.03,16.58,0.03,,,,,,,,,,,,,,,,,,,,,,,,,,,,,,
1000596,SN2009ip,56168.04,,,,,,,16.56,0.05,,,,,,,,,,,,,,,,,,,,,,,,,,,,,,,,
1000597,SN2009ip,56170.04,16.32,0.02,17.02,0.01,16.84,0.02,16.54,0.05,16.48,0.08,,,,,,,,,,,,,,,,,,,,,,,,,,,,,,
1000598,SN2009ip,56171.10,,,16.92,0.03,16.77,0.03,16.52,0.04,16.49,0.05,,,,,,,,,,,,,,,,,,,,,,,,,,,,,,
1000599,SN2009ip,56172.12,,,17.02,0.08,16.73,0.02,16.57,0.04,16.41,0.04,,,,,,,,,,,,,,,,,,,,,,,,,,,,,,
1000600,SN2009ip,56175.07,16.72,0.03,17.31,0.06,17.09,0.04,16.82,0.03,16.77,0.03,,,,,,,,,,,,,,,,,,,,,,,,,,,,,,
1000601,SN2009ip,56175.35,,,,,16.99,0.07,16.78,0.07,16.79,0.10,,,,,,,,,,,,,,,,,,,,,,,,,,,,,,
1000602,SN2009ip,56176.06,,,17.34,0.06,17.08,0.03,16.85,0.04,16.70,0.05,,,,,,,,,,,,,,,,,,,,,,,,,,,,,,
1000603,SN2009ip,56177.03,,,,,,,16.80,0.08,,,,,,,,,,,,,,,,,,,,,,,,,,,,,,,,
1000604,SN2009ip,56177.10,16.39,0.12,,,,,,,,,,,,,,,,,,,,,,,,,,,,,,,,,,,,,,
1000605,SN2009ip,56180.03,,,,,,,16.79,0.10,,,,,,,,,,,,,,,,,,,,,,,,,,,,,,,,
1000606,SN2009ip,56181.17,,,,,16.98,0.05,16.58,0.04,16.57,0.07,,,,,,,,,,,,,,,,,,,,,,,,,,,,,,
1000607,SN2009ip,56188.04,,,,,,,17.66,0.10,,,,,,,,,,,,,,,,,,,,,,,,,,,,,,,,
1000608,SN2009ip,56192.96,17.96,0.02,18.23,0.04,18.00,0.04,17.58,0.09,17.58,0.06,,,,,,,,,,,,,,,,,,,,,,,,,,,,,,
1000609,SN2009ip,56193.09,,,18.22,0.07,17.97,0.04,17.61,0.06,17.48,0.07,,,,,,,,,,,,,,,,,,,,,,,,,,,,,,
1000610,SN2009ip,56193.60,,,,,,,,,17.32,0.10,,,,,,,,,,,,,,,,,,,,,,,,,,,,,,
1000611,SN2009ip,56194.08,,,18.14,0.06,17.84,0.03,17.53,0.06,17.45,0.06,,,,,,,,,,,,,,,,,,,,,,,,,,,,,,
1000612,SN2009ip,56194.16,,,,,17.77,0.08,17.12,0.06,,,,,,,,,,,,,,,,,,,,,,,,,,,,,,,,
1000613,SN2009ip,56194.59,,,,,,,16.32,0.05,16.53,0.07,,,,,,,,,,,,,,,,,,,,,,,,,,,,,,
1000614,SN2009ip,56195.13,,,,,15.62,0.02,15.48,0.05,15.43,0.04,,,,,,,,,,,,,,,,,,,,,,,,,,,,,,
1000615,SN2009ip,56195.20,,,,,,,,,15.03,0.12,,,,,,,,,,,,,,,,,,,,,,,,,,,,,,
1000616,SN2009ip,56195.51,,,,,,,15.00,0.03,15.04,0.06,,,,,,,,,,,,,,,,,,,,,,,,,,,,,,
1000617,SN2009ip,56196.07,,,,,14.91,0.06,,,,,,,,,,,,,,,,,,,,,,,,,,,,,,,,,,
1000618,SN2009ip,56196.10,,,,,14.84,0.02,14.65,0.03,14.67,0.04,,,,,,,,,,,,,,,,,,,,,,,,,,,,,,
1000619,SN2009ip,56196.48,,,,,,,14.52,0.05,14.56,0.05,,,,,,,,,,,,,,,,,,,,,,,,,,,,,,
1000620,SN2009ip,56197.07,,,,,14.59,0.08,,,14.45,0.13,,,,,,,,,,,,,,,,,,,,,,,,,,,,,,
1000621,SN2009ip,56197.13,,,,,14.52,0.02,14.37,0.03,14.39,0.04,,,,,,,,,,,,,,,,,,,,,,,,,,,,,,
1000622,SN2009ip,56197.53,,,,,,,,,14.33,0.08,,,,,,,,,,,,,,,,,,,,,,,,,,,,,,
1000623,SN2009ip,56198.06,,,,,14.39,0.06,,,14.19,0.07,,,,,,,,,,,,,,,,,,,,,,,,,,,,,,
1000624,SN2009ip,56198.30,,,14.32,0.03,14.32,0.02,14.09,0.04,14.12,0.03,,,,,,,,,,,,,,,,,,,,,,,,,,,,,,
1000625,SN2009ip,56198.43,,,,,,,14.14,0.05,14.21,0.07,,,,,,,,,,,,,,,,,,,,,,,,,,,,,,
1000626,SN2009ip,56198.92,13.20,0.03,14.20,0.02,14.28,0.02,14.11,0.01,14.11,0.02,,,,,,,,,,,,,,,,,,,,,,,,,,,,,,
1000627,SN2009ip,56199.15,,,14.28,0.02,14.20,0.01,14.09,0.02,14.08,0.02,,,,,,,,,,,,,,,,,,,,,,,,,,,,,,
1000628,SN2009ip,56199.20,,,,,14.23,0.06,,,13.96,0.07,,,,,,,,,,,,,,,,,,,,,,,,,,,,,,
1000629,SN2009ip,56199.58,,,,,,,14.05,0.02,,,,,,,,,,,,,,,,,,,,,,,,,,,,,,,,
1000630,SN2009ip,56199.93,13.03,0.03,14.09,0.02,14.15,0.02,13.98,0.01,13.98,0.02,,,,,,,,,,,,,,,,,,,,,,,,,,,,,,
1000631,SN2009ip,56200.07,,,,,14.16,0.07,,,13.99,0.06,,,,,,,,,,,,,,,,,,,,,,,,,,,,,,
1000632,SN2009ip,56200.61,,,,,,,14.08,0.02,,,,,,,,,,,,,,,,,,,,,,,,,,,,,,,,
1000633,SN2009ip,56200.69,,,,,,,13.91,0.04,13.98,0.03,,,,,,,,,,,,,,,,,,,,,,,,,,,,,,
1000634,SN2009ip,56201.03,,,14.02,0.04,14.03,0.02,13.91,0.02,13.95,0.01,,,,,,,,,,,,,,,,,,,,,,,,,,,,,,
1000635,SN2009ip,56201.06,,,,,14.02,0.05,,,13.91,0.04,,,,,,,,,,,,,,,,,,,,,,,,,,,,,,
1000636,SN2009ip,56201.44,,,,,,,13.85,0.03,13.94,0.03,,,,,,,,,,,,,,,,,,,,,,,,,,,,,,
1000637,SN2009ip,56201.54,,,,,,,13.91,0.02,,,,,,,,,,,,,,,,,,,,,,,,,,,,,,,,
1000638,SN2009ip,56201.94,12.98,0.03,13.97,0.02,14.03,0.02,13.86,0.01,13.88,0.02,,,,,,,,,,,,,,,,,,,,,,,,,,,,,,
1000639,SN2009ip,56202.05,,,,,13.99,0.07,,,13.81,0.08,,,,,,,,,,,,,,,,,,,,,,,,,,,,,,
1000640,SN2009ip,56202.26,,,,,13.96,0.05,,,,,,,,,,,,,,,,,,,,,,,,,,,,,,,,,,
1000641,SN2009ip,56203.05,,,,,13.96,0.06,,,13.88,0.08,,,,,,,,,,,,,,,,,,,,,,,,,,,,,,
1000642,SN2009ip,56203.22,,,,,13.86,0.03,,,,,,,,,,,,,,,,,,,,,,,,,,,,,,,,,,
1000643,SN2009ip,56204.02,,,13.95,0.05,13.75,0.02,13.78,0.03,13.79,0.05,,,,,,,,,,,,,,,,,,,,,,,,,,,,,,
1000644,SN2009ip,56204.05,,,,,13.90,0.05,,,13.80,0.07,,,,,,,,,,,,,,,,,,,,,,,,,,,,,,
1000645,SN2009ip,56204.61,,,,,,,13.74,0.01,,,,,,,,,,,,,,,,,,,,,,,,,,,,,,,,
1000646,SN2009ip,56205.05,,,,,13.81,0.05,,,13.72,0.07,,,,,,,,,,,,,,,,,,,,,,,,,,,,,,
1000647,SN2009ip,56205.11,,,,,13.73,0.05,,,,,,,,,,,,,,,,,,,,,,,,,,,,,,,,,,
1000648,SN2009ip,56205.59,,,,,,,13.70,0.01,,,,,,,,,,,,,,,,,,,,,,,,,,,,,,,,
1000649,SN2009ip,56206.04,,,,,13.80,0.05,,,13.68,0.05,,,,,,,,,,,,,,,,,,,,,,,,,,,,,,
1000650,SN2009ip,56206.21,,,,,13.71,0.03,,,,,,,,,,,,,,,,,,,,,,,,,,,,,,,,,,
1000651,SN2009ip,56206.59,,,,,,,13.70,0.01,,,,,,,,,,,,,,,,,,,,,,,,,,,,,,,,
1000652,SN2009ip,56206.90,12.82,0.04,13.80,0.02,13.82,0.02,13.65,0.02,13.66,0.02,,,,,,,,,,,,,,,,,,,,,,,,,,,,,,
1000653,SN2009ip,56207.91,,,,,13.83,0.02,13.65,0.01,13.67,0.02,,,,,,,,,,,,,,,,,,,,,,,,,,,,,,
1000654,SN2009ip,56208.04,,,,,13.83,0.05,,,13.69,0.07,,,,,,,,,,,,,,,,,,,,,,,,,,,,,,
1000655,SN2009ip,56208.92,,,,,13.88,0.02,13.73,0.01,13.68,0.02,,,,,,,,,,,,,,,,,,,,,,,,,,,,,,
1000656,SN2009ip,56209.10,,,,,13.88,0.03,13.75,0.04,13.69,0.07,,,,,,,,,,,,,,,,,,,,,,,,,,,,,,
1000657,SN2009ip,56209.20,,,,,13.86,0.05,,,13.63,0.09,,,,,,,,,,,,,,,,,,,,,,,,,,,,,,
1000658,SN2009ip,56209.57,,,,,,,13.74,0.01,,,,,,,,,,,,,,,,,,,,,,,,,,,,,,,,
1000659,SN2009ip,56209.93,12.99,0.03,13.91,0.02,13.92,0.01,13.73,0.01,13.70,0.02,,,,,,,,,,,,,,,,,,,,,,,,,,,,,,
1000660,SN2009ip,56210.03,,,,,13.87,0.06,,,13.71,0.07,,,,,,,,,,,,,,,,,,,,,,,,,,,,,,
1000661,SN2009ip,56210.15,,,13.95,0.03,,,,,,,,,,,,,,,,,,,,,,,,,,,,,,,,,,,,
1000662,SN2009ip,56210.58,,,,,,,13.76,0.01,,,,,,,,,,,,,,,,,,,,,,,,,,,,,,,,
1000663,SN2009ip,56211.15,,,,,13.91,0.03,,,13.61,0.07,,,,,,,,,,,,,,,,,,,,,,,,,,,,,,
1000664,SN2009ip,56211.89,13.04,0.03,13.96,0.02,13.90,0.02,13.73,0.01,13.69,0.02,,,,,,,,,,,,,,,,,,,,,,,,,,,,,,
1000665,SN2009ip,56212.03,,,,,13.87,0.06,,,13.67,0.06,,,,,,,,,,,,,,,,,,,,,,,,,,,,,,
1000666,SN2009ip,56213.03,,,,,13.87,0.01,13.74,0.03,13.66,0.05,,,,,,,,,,,,,,,,,,,,,,,,,,,,,,
1000667,SN2009ip,56213.08,,,,,13.86,0.06,,,13.59,0.11,,,,,,,,,,,,,,,,,,,,,,,,,,,,,,
1000668,SN2009ip,56213.88,13.02,0.03,13.96,0.02,13.91,0.02,13.71,0.01,13.68,0.02,,,,,,,,,,,,,,,,,,,,,,,,,,,,,,
1000669,SN2009ip,56215.61,,,,,,,13.79,0.01,,,,,,,,,,,,,,,,,,,,,,,,,,,,,,,,
1000670,SN2009ip,56216.23,,,14.11,0.02,14.00,0.03,13.79,0.02,13.74,0.01,,,,,,,,,,,,,,,,,,,,,,,,,,,,,,
1000671,SN2009ip,56174.90,,,,,,,,,,,,,,,,,,,,,,,,,,,,,18.00,0.08,,,17.20,0.05,16.49,0.04,17.29,0.04,17.01,0.02
1000672,SN2009ip,56176.64,,,,,,,,,,,,,,,,,,,,,,,,,,,,,18.02,0.08,17.95,0.08,17.06,0.07,16.51,0.06,17.33,0.07,17.23,0.12
1000673,SN2009ip,56183.44,,,,,,,,,,,,,,,,,,,,,,,,,,,,,19.38,0.32,19.04,0.16,18.29,0.12,17.31,0.07,17.73,0.08,17.83,0.14
1000674,SN2009ip,56190.75,,,,,,,,,,,,,,,,,,,,,,,,,,,,,,,,,19.30,0.24,17.91,0.13,18.50,0.17,,
1000675,SN2009ip,56192.76,,,,,,,,,,,,,,,,,,,,,,,,,,,,,20.58,0.26,20.52,0.32,19.36,0.23,17.91,0.07,18.24,0.06,18.17,0.07
1000676,SN2009ip,56196.23,,,,,,,,,,,,,,,,,,,,,,,,,,,,,12.85,0.07,12.82,0.06,13.00,0.05,13.43,0.04,14.78,0.04,14.90,0.04
1000677,SN2009ip,56197.45,,,,,,,,,,,,,,,,,,,,,,,,,,,,,12.61,0.04,,,12.78,0.04,,,,,,
1000678,SN2009ip,56197.70,,,,,,,,,,,,,,,,,,,,,,,,,,,,,12.50,0.04,,,12.68,0.04,13.02,0.04,14.40,0.04,,
1000679,SN2009ip,56198.04,,,,,,,,,,,,,,,,,,,,,,,,,,,,,12.47,0.04,12.36,0.04,12.66,0.04,12.90,0.04,14.40,0.05,14.58,0.06
1000680,SN2009ip,56198.59,,,,,,,,,,,,,,,,,,,,,,,,,,,,,12.39,0.04,,,12.63,0.04,,,,,,
1000681,SN2009ip,56199.46,,,,,,,,,,,,,,,,,,,,,,,,,,,,,,,,,12.57,0.04,,,,,,
1000682,SN2009ip,56199.65,,,,,,,,,,,,,,,,,,,,,,,,,,,,,12.28,0.04,12.38,0.05,12.45,0.04,12.81,0.04,14.11,0.04,14.22,0.04
1000683,SN2009ip,56200.24,,,,,,,,,,,,,,,,,,,,,,,,,,,,,,,,,,,12.75,0.04,,,,
1000684,SN2009ip,56200.51,,,,,,,,,,,,,,,,,,,,,,,,,,,,,12.21,0.04,,,,,,,,,,
1000685,SN2009ip,56200.99,,,,,,,,,,,,,,,,,,,,,,,,,,,,,12.18,0.04,12.07,0.04,12.35,0.04,12.67,0.04,13.94,0.04,14.12,0.04
1000686,SN2009ip,56201.05,,,,,,,,,,,,,,,,,,,,,,,,,,,,,12.19,0.04,,,,,,,,,,
1000687,SN2009ip,56201.43,,,,,,,,,,,,,,,,,,,,,,,,,,,,,12.20,0.04,,,,,,,,,,
1000688,SN2009ip,56201.99,,,,,,,,,,,,,,,,,,,,,,,,,,,,,12.16,0.04,12.10,0.04,12.36,0.04,12.65,0.04,13.99,0.04,14.04,0.04
1000689,SN2009ip,56202.26,,,,,,,,,,,,,,,,,,,,,,,,,,,,,12.18,0.04,12.11,0.04,12.36,0.04,12.65,0.04,13.95,0.04,14.08,0.04
1000690,SN2009ip,56203.06,,,,,,,,,,,,,,,,,,,,,,,,,,,,,12.20,0.04,12.11,0.04,12.36,0.05,12.65,0.05,13.96,0.04,14.09,0.04
1000691,SN2009ip,56203.29,,,,,,,,,,,,,,,,,,,,,,,,,,,,,12.23,0.04,,,,,,,,,,
1000692,SN2009ip,56204.05,,,,,,,,,,,,,,,,,,,,,,,,,,,,,12.14,0.04,12.04,0.04,12.30,0.05,12.63,0.05,13.86,0.04,13.92,0.04
1000693,SN2009ip,56204.39,,,,,,,,,,,,,,,,,,,,,,,,,,,,,12.10,0.04,,,,,,,,,,
1000694,SN2009ip,56204.51,,,,,,,,,,,,,,,,,,,,,,,,,,,,,,,,,,,,,13.80,0.12,,
1000695,SN2009ip,56205.40,,,,,,,,,,,,,,,,,,,,,,,,,,,,,12.10,0.04,,,,,,,,,,
1000696,SN2009ip,56205.52,,,,,,,,,,,,,,,,,,,,,,,,,,,,,,,,,,,,,13.77,0.10,,
1000697,SN2009ip,56206.12,,,,,,,,,,,,,,,,,,,,,,,,,,,,,12.10,0.04,12.02,0.04,12.24,0.04,12.52,0.05,13.75,0.05,13.86,0.04
1000698,SN2009ip,56206.20,,,,,,,,,,,,,,,,,,,,,,,,,,,,,12.13,0.04,,,,,,,,,,
1000699,SN2009ip,56207.43,,,,,,,,,,,,,,,,,,,,,,,,,,,,,12.27,0.04,,,,,,,,,,
1000700,SN2009ip,56208.67,,,,,,,,,,,,,,,,,,,,,,,,,,,,,12.42,0.04,12.26,0.04,12.48,0.05,12.62,0.05,13.84,0.05,13.87,0.04
1000701,SN2009ip,56210.06,,,,,,,,,,,,,,,,,,,,,,,,,,,,,12.61,0.05,12.44,0.04,12.59,0.05,12.80,0.05,13.92,0.05,13.88,0.04
1000702,SN2009ip,56212.20,,,,,,,,,,,,,,,,,,,,,,,,,,,,,12.76,0.05,12.55,0.05,12.74,0.05,12.77,0.05,13.91,0.05,13.94,0.05
1000703,SN2009ip,56214.13,,,,,,,,,,,,,,,,,,,,,,,,,,,,,12.90,0.05,12.68,0.05,12.82,0.05,12.86,0.05,13.98,0.05,13.93,0.05
1000704,SN2009ip,56216.21,,,,,,,,,,,,,,,,,,,,,,,,,,,,,13.39,0.05,13.12,0.05,13.33,0.05,13.07,0.05,14.14,0.05,14.07,0.05
1000705,SN2009ip,56157.26,,,,,,,,,,,,,,,,,,,,,16.32,0.18,16.16,0.16,16.60,0.22,,,,,,,,,,,,,,
1000706,SN2009ip,56165.30,,,,,,,,,,,,,,,,,,,,,16.25,0.10,16.11,0.12,15.88,0.15,,,,,,,,,,,,,,
1000707,SN2009ip,56178.03,,,,,,,,,,,,,,,,,,,,,16.47,0.13,16.28,0.13,15.92,0.18,,,,,,,,,,,,,,
1000708,SN2009ip,56179.10,,,,,,,,,,,,,,,,,,,,,16.46,0.10,16.28,0.12,16.02,0.15,,,,,,,,,,,,,,
1000709,SN2009ip,56193.09,,,,,,,,,,,,,,,,,,,,,17.17,0.12,17.15,0.18,16.86,0.17,,,,,,,,,,,,,,
1000710,SN2009ip,56197.98,,,,,,,,,,,,,,,,,,,,,14.17,0.10,13.92,0.11,13.48,0.16,,,,,,,,,,,,,,
1000711,SN2009ip,56198.97,,,,,,,,,,,,,,,,,,,,,14.06,0.11,13.78,0.13,13.38,0.17,,,,,,,,,,,,,,
1000712,SN2009ip,56201.96,,,,,,,,,,,,,,,,,,,,,13.97,0.11,13.73,0.14,13.29,0.18,,,,,,,,,,,,,,
1000713,SN2009ip,56212.25,,,,,,,,,,,,,,,,,,,,,13.65,0.18,13.35,0.17,13.38,0.27,,,,,,,,,,,,,,
1000714,SN2012ca,56046.40,,,,,,,,,,,,,15.17,0.02,,,,,,,,,,,,,,,,,,,,,,,,,,
1000715,SN2012ca,56052.22,,,,,,,,,,,,,14.83,0.03,14.78,0.07,14.40,0.07,14.37,0.09,,,,,,,,,,,,,,,,,,,,
1000716,SN2012ca,56055.22,,,,,,,,,,,,,14.88,0.03,14.79,0.08,14.46,0.07,14.39,0.09,,,,,,,,,,,,,,,,,,,,
1000717,SN2012ca,56105.24,,,,,,,,,,,,,,,14.99,0.09,14.50,0.11,14.64,0.13,,,,,,,,,,,,,,,,,,,,
1000718,SN2012ca,56115.11,,,,,,,,,,,,,,,15.10,0.16,14.62,0.14,14.74,0.15,,,,,,,,,,,,,,,,,,,,
1000719,SN2012ca,56125.23,,,,,,,,,,,,,15.51,0.20,15.13,0.17,14.71,0.20,,,,,,,,,,,,,,,,,,,,,,
1000720,SN2012ca,56132.26,,,,,,,,,,,,,,,15.16,0.06,14.71,0.07,14.85,0.07,,,,,,,,,,,,,,,,,,,,
1000721,SN2012ca,56139.22,,,,,,,,,,,,,,,15.28,0.08,14.84,0.10,15.02,0.06,,,,,,,,,,,,,,,,,,,,
1000722,SN2012ca,56148.09,,,,,,,,,,,,,15.76,0.03,15.31,0.03,14.85,0.03,15.05,0.03,,,,,,,,,,,,,,,,,,,,
1000723,SN2012ca,56157.22,,,,,,,,,,,,,15.82,0.07,15.35,0.06,14.93,0.10,15.10,0.09,,,,,,,,,,,,,,,,,,,,
1000724,SN2012ca,56160.17,,,,,,,,,,,,,15.84,0.05,15.36,0.05,14.93,0.07,15.13,0.10,,,,,,,,,,,,,,,,,,,,
1000725,SN2012ca,56164.06,,,,,,,,,,,,,15.88,0.04,15.36,0.03,14.95,0.03,15.14,0.04,,,,,,,,,,,,,,,,,,,,
1000726,SN2012ca,56166.05,,,,,,,,,,,,,15.89,0.04,15.34,0.06,14.94,0.04,15.15,0.09,,,,,,,,,,,,,,,,,,,,
1000727,SN2012ca,56180.11,,,,,,,,,,,,,15.95,0.04,15.43,0.05,15.02,0.05,15.20,0.04,,,,,,,,,,,,,,,,,,,,
1000728,SN2012ca,56186.01,,,,,,,,,,,,,15.99,0.03,15.48,0.04,15.12,0.03,15.26,0.03,,,,,,,,,,,,,,,,,,,,
1000729,SN2012ca,56209.05,,,,,,,,,,,,,16.05,0.05,15.57,0.07,15.29,0.04,15.47,0.08,,,,,,,,,,,,,,,,,,,,
1000730,SN2012ca,56216.03,,,,,,,,,,,,,16.06,0.04,15.63,0.04,15.30,0.02,15.49,0.03,,,,,,,,,,,,,,,,,,,,
1000731,SN2012ca,56223.02,,,,,,,,,,,,,16.12,0.03,15.67,0.04,15.40,0.03,15.51,0.02,,,,,,,,,,,,,,,,,,,,
1000732,SN2012ca,56238.04,,,,,,,,,,,,,16.16,0.03,15.76,0.05,15.48,0.02,15.64,0.02,,,,,,,,,,,,,,,,,,,,
1000733,SN2012ca,56244.02,,,,,,,,,,,,,16.17,0.03,15.80,0.04,15.52,0.02,15.66,0.02,,,,,,,,,,,,,,,,,,,,
1000734,SN2012ca,56252.01,,,,,,,,,,,,,16.20,0.04,15.82,0.04,15.52,0.02,15.72,0.03,,,,,,,,,,,,,,,,,,,,
1000735,SN2012ca,56361.67,,,,,,,,,,,,,16.98,0.10,16.52,0.09,16.11,0.11,16.15,0.08,,,,,,,,,,,,,,,,,,,,
1000736,SN2012ca,56362.67,,,,,,,,,,,,,16.96,0.11,16.54,0.11,16.18,0.12,16.18,0.09,,,,,,,,,,,,,,,,,,,,
1000737,SN2012ca,56382.63,,,,,,,,,,,,,17.39,0.12,16.81,0.13,16.90,0.14,16.50,0.13,,,,,,,,,,,,,,,,,,,,
1000738,SN2012ec,56331.00,,,19.29,0.09,18.47,0.08,17.29,0.08,16.88,0.08,,,,,,,,,,,,,,,,,,,,,,,,,,,,,,
1000739,SN2012ec,56346.00,,,19.31,0.10,18.62,0.09,,,17.19,0.09,,,,,17.34,0.15,,,17.13,0.10,,,,,,,,,,,,,,,,,,,,
1000740,SN2012ec,56352.00,,,,,18.62,0.11,17.52,0.09,17.25,0.09,,,,,,,,,,,,,,,,,,,,,,,,,,,,,,
1000741,SN2012ec,56546.00,,,,,20.60,0.11,19.19,0.09,20.18,0.09,,,,,,,,,,,,,,,,,,,,,,,,,,,,,,
1000742,SN2012ec,56572.00,,,,,20.78,0.10,19.68,0.06,20.38,0.09,,,,,,,,,,,,,,,,,,,,,,,,,,,,,,
1000743,SN2012ec,56618.00,,,,,21.04,0.08,20.87,0.07,20.72,0.09,,,,,,,,,,,,,,,,,,,,,,,,,,,,,,
1000744,SN2012ec,56649.00,,,,,22.38,0.08,21.53,0.11,21.13,0.11,,,,,,,,,,,,,,,,,,,,,,,,,,,,,,
1000745,SN2012ec,56688.00,,,,,22.66,0.15,22.16,0.10,,,,,,,,,,,,,,,,,,,,,,,,,,,,,,,,
1000746,SN2012ec,56320.00,,,,,,,,,,,,,,,,,,,,,16.59,0.04,16.18,0.04,16.29,0.05,,,,,,,,,,,,,,
1000747,SN2012ec,56344.00,,,,,,,,,,,,,,,,,,,,,17.08,0.04,16.55,0.04,16.70,0.05,,,,,,,,,,,,,,
1000748,SN2012ec,56154.22,,,14.99,0.02,14.81,0.02,,,,,15.02,0.04,,,14.78,0.02,14.91,0.02,,,,,,,,,,,,,,,,,,,,,,
1000749,SN2012ec,56155.22,,,14.99,0.04,14.86,0.04,,,,,15.09,0.02,,,14.81,0.02,14.91,0.02,,,,,,,,,,,,,,,,,,,,,,
1000750,SN2012ec,56157.59,,,15.12,0.06,14.90,0.06,14.74,0.06,14.55,0.05,,,,,,,,,,,,,,,,,,,,,,,,,,,,,,
1000751,SN2012ec,56158.23,,,15.10,0.03,14.87,0.03,,,,,15.28,0.05,,,14.82,0.01,14.94,0.01,,,,,,,,,,,,,,,,,,,,,,
1000752,SN2012ec,56158.34,,,15.15,0.06,14.95,0.05,14.73,0.06,14.53,0.03,,,,,14.84,0.05,14.86,,,,,,,,,,,,,,,,,,,,,,,
1000753,SN2012ec,56159.31,,,15.29,0.05,14.92,0.04,14.62,0.05,14.53,0.05,,,15.05,0.07,14.78,0.03,14.86,0.06,,,,,,,,,,,,,,,,,,,,,,
1000754,SN2012ec,56160.30,,,15.18,0.07,14.86,0.06,14.65,0.03,14.61,0.06,,,15.13,0.10,14.81,0.04,14.89,0.04,14.92,0.05,,,,,,,,,,,,,,,,,,,,
1000755,SN2012ec,56165.28,,,15.47,0.05,14.93,0.04,14.64,0.04,,,16.35,0.04,15.25,0.08,14.80,0.03,14.87,0.03,14.92,0.03,14.24,0.02,14.04,0.02,13.91,0.02,,,,,,,,,,,,,,
1000756,SN2012ec,56168.20,,,15.55,0.02,15.02,0.02,,,,,16.52,0.06,,,14.85,0.02,14.93,0.02,,,,,,,,,,,,,,,,,,,,,,
1000757,SN2012ec,56171.08,,,15.67,0.06,14.98,0.06,,,,,16.69,0.08,,,14.81,0.02,14.94,0.02,,,,,,,,,,,,,,,,,,,,,,
1000758,SN2012ec,56173.09,,,15.76,0.04,14.99,0.04,,,,,16.98,0.06,,,14.85,0.02,14.92,0.02,,,,,,,,,,,,,,,,,,,,,,
1000759,SN2012ec,56176.13,,,15.76,0.04,15.00,0.05,14.65,0.06,14.62,0.06,17.05,0.07,,,14.84,0.03,14.86,0.03,14.89,0.03,,,,,,,,,,,,,,,,,,,,
1000760,SN2012ec,56179.34,,,15.90,0.06,15.10,0.06,14.78,0.04,14.45,0.02,,,15.54,0.02,,,14.92,,,,14.11,0.03,13.89,0.03,13.82,0.03,,,,,,,,,,,,,,
1000761,SN2012ec,56180.92,,,15.95,0.04,15.14,0.03,14.76,0.01,14.51,0.01,,,,,,,,,,,,,,,,,,,,,,,,,,,,,,
1000762,SN2012ec,56181.59,,,16.05,0.02,15.15,0.02,14.79,0.03,14.53,0.03,,,,,,,,,,,,,,,,,,,,,,,,,,,,,,
1000763,SN2012ec,56186.20,,,16.06,0.07,15.10,0.06,14.75,0.04,14.49,0.02,,,15.51,0.04,14.89,0.04,14.87,0.02,14.85,0.03,,,,,,,,,,,,,,,,,,,,
1000764,SN2012ec,56190.24,,,,,15.12,0.03,,,14.42,0.05,,,,,14.89,0.03,14.85,0.03,14.87,0.03,,,,,,,,,,,,,,,,,,,,
1000765,SN2012ec,56194.87,,,16.15,0.02,15.10,0.02,14.78,0.01,14.45,0.01,,,,,,,,,,,,,,,,,,,,,,,,,,,,,,
1000766,SN2012ec,56195.23,,,,,,,,,,,,,,,,,,,,,14.08,0.03,13.89,0.03,13.75,0.03,,,,,,,,,,,,,,
1000767,SN2012ec,56196.20,,,16.16,0.06,15.00,0.05,14.72,0.03,,,17.96,0.09,15.56,0.03,14.81,0.03,14.81,0.03,14.78,0.03,,,,,,,,,,,,,,,,,,,,
1000768,SN2012ec,56199.29,,,,,15.02,0.03,14.74,0.03,14.36,0.01,,,,,14.88,0.02,14.81,0.02,14.79,0.02,,,,,,,,,,,,,,,,,,,,
1000769,SN2012ec,56202.01,,,16.19,0.05,15.11,0.05,,,,,17.98,0.11,,,14.89,0.02,14.80,0.03,14.82,0.02,,,,,,,,,,,,,,,,,,,,
1000770,SN2012ec,56202.20,,,16.28,0.04,15.04,0.04,14.74,0.04,14.40,0.02,,,15.61,0.06,14.93,0.05,14.84,0.04,14.85,0.04,,,,,,,,,,,,,,,,,,,,
1000771,SN2012ec,56204.21,,,16.33,0.04,15.12,0.03,14.73,0.03,14.43,0.02,18.07,0.14,15.71,0.04,14.90,0.03,14.84,0.02,14.84,0.02,,,,,,,,,,,,,,,,,,,,
1000772,SN2012ec,56208.04,,,16.23,0.08,15.11,0.08,,,,,18.07,0.18,,,14.85,0.02,14.78,0.02,14.81,0.03,,,,,,,,,,,,,,,,,,,,
1000773,SN2012ec,56211.05,,,16.35,0.04,15.16,0.04,,,,,18.26,0.10,15.68,0.03,14.89,0.01,14.83,0.01,14.85,0.02,,,,,,,,,,,,,,,,,,,,
1000774,SN2012ec,56212.19,,,16.46,0.06,15.22,0.07,14.78,0.03,14.41,0.02,,,,,14.94,0.02,14.79,0.03,14.87,0.03,,,,,,,,,,,,,,,,,,,,
1000775,SN2012ec,56216.35,,,,,,,,,,,,,,,,,,,,,14.05,0.03,13.80,0.03,13.59,0.03,,,,,,,,,,,,,,
1000776,SN2012ec,56217.15,,,16.50,0.07,15.22,0.06,,,,,,,,,14.95,0.03,14.89,0.03,14.77,0.04,,,,,,,,,,,,,,,,,,,,
1000777,SN2012ec,56220.42,,,16.63,0.05,15.28,0.05,14.77,0.04,14.41,0.03,,,,,,,,,,,,,,,,,,,,,,,,,,,,,,
1000778,SN2012ec,56221.06,,,16.58,0.03,15.36,0.03,14.80,0.10,14.43,0.02,18.68,0.08,,,14.96,0.02,14.86,0.02,14.92,0.02,,,,,,,,,,,,,,,,,,,,
1000779,SN2012ec,56223.52,,,,,,,,,,,,,,,15.00,0.02,14.85,0.03,,,,,,,,,,,,,,,,,,,,,,
1000780,SN2012ec,56226.45,,,,,,,,,,,,,15.99,0.06,15.01,0.02,14.91,0.03,,,,,,,,,,,,,,,,,,,,,,
1000781,SN2012ec,56232.13,,,16.79,0.09,15.47,0.08,14.95,0.04,14.59,0.02,,,16.00,0.06,15.15,0.03,,,15.05,0.03,,,,,,,,,,,,,,,,,,,,
1000782,SN2012ec,56237.12,,,,,15.63,0.03,15.04,0.03,14.67,0.03,,,16.20,0.10,15.26,0.02,15.15,0.02,15.16,0.02,14.35,0.06,14.12,0.06,14.04,0.04,,,,,,,,,,,,,,
1000783,SN2012ec,56242.13,,,17.10,0.10,15.85,0.08,15.26,0.03,14.85,0.03,,,16.38,0.06,15.39,0.02,15.29,0.02,15.26,0.03,,,,,,,,,,,,,,,,,,,,
1000784,SN2012ec,56245.20,,,,,,,,,,,,,,,,,,,,,14.58,0.03,14.34,0.03,14.28,0.03,,,,,,,,,,,,,,
1000785,SN2012ec,56246.96,,,17.40,0.10,16.09,0.10,,,,,,,,,15.63,0.02,15.47,0.02,15.43,0.02,,,,,,,,,,,,,,,,,,,,
1000786,SN2012ec,56248.14,,,,,16.26,0.04,15.57,0.05,15.15,0.04,,,,,,,,,,,,,,,,,,,,,,,,,,,,,,
1000787,SN2012ec,56250.19,,,17.82,0.09,16.49,0.08,15.85,0.05,15.37,0.05,,,17.24,0.05,16.00,0.02,15.89,0.02,15.74,0.03,,,,,,,,,,,,,,,,,,,,
1000788,SN2012ec,56253.08,,,17.95,0.10,17.16,0.10,16.36,0.07,15.63,0.05,,,17.45,0.10,16.32,0.03,16.29,0.03,16.12,0.12,,,,,,,,,,,,,,,,,,,,
1000789,SN2012ec,56266.14,,,,,,,,,,,,,,,,,,,,,15.73,0.06,15.27,0.08,15.40,0.06,,,,,,,,,,,,,,
1000790,SN2012ec,56266.93,,,18.50,0.20,17.30,0.20,,,,,,,,,16.65,0.07,16.51,0.07,16.40,0.06,,,,,,,,,,,,,,,,,,,,
1000791,SN2012ec,56268.94,,,18.60,0.15,17.40,0.15,,,,,,,,,16.80,0.10,16.60,0.10,16.50,0.06,,,,,,,,,,,,,,,,,,,,
1000792,SN2012ec,56270.95,,,18.70,0.13,17.50,0.13,,,,,,,,,16.90,0.10,16.70,0.10,16.60,0.10,,,,,,,,,,,,,,,,,,,,
1000793,SN2012ec,56277.99,,,,,,,,,,,,,,,17.00,0.10,16.90,0.10,16.80,0.10,,,,,,,,,,,,,,,,,,,,
1000794,SN2012ec,56282.94,,,18.80,0.20,17.70,0.20,16.90,0.20,,,,,,,,,,,,,,,,,,,,,,,,,,,,,,,,
1000795,SN2012ec,56283.10,,,,,,,,,,,,,,,,,,,,,15.83,0.03,15.41,0.03,15.47,0.03,,,,,,,,,,,,,,
1000796,SN2012ec,56290.00,,,19.00,0.20,17.90,0.20,,,,,,,,,17.10,0.10,17.10,0.10,16.90,0.10,,,,,,,,,,,,,,,,,,,,
1000797,SN2012ec,56302.81,,,19.15,0.30,18.00,0.30,,,,,,,,,17.20,0.10,17.20,0.10,17.00,0.10,,,,,,,,,,,,,,,,,,,,
1000798,SN2012ec,56305.66,,,,,18.00,0.30,17.15,0.30,16.75,0.30,,,,,,,,,,,,,,,,,,,,,,,,,,,,,,
1000799,SN2012hd,56268.50,,,,,,,,,,,,,17.54,0.07,,,16.01,0.06,,,,,,,,,,,,,,,,,,,,,,
1000800,SN2012hd,56272.51,,,,,,,,,,,,,,,,,16.04,0.06,,,,,,,,,,,,,,,,,,,,,,
1000801,SN2012hd,56278.52,,,,,,,,,,,,,18.14,0.06,16.02,0.05,16.42,0.05,,,,,,,,,,,,,,,,,,,,,,
1000802,SN2012hd,56284.48,,,,,,,,,,,,,18.71,0.07,16.20,0.07,16.35,0.06,,,,,,,,,,,,,,,,,,,,,,
1000803,SN2012hd,56288.48,,,,,,,,,,,,,19.16,0.14,,,,,,,,,,,,,,,,,,,,,,,,,,
1000804,SN2012hd,56291.50,,,,,,,,,,,,,19.67,0.09,16.45,0.07,16.32,0.07,,,,,,,,,,,,,,,,,,,,,,
1000805,SN2012hd,56293.52,,,,,,,,,,,,,,,16.60,0.06,16.45,0.06,,,,,,,,,,,,,,,,,,,,,,
1000806,SN2012hd,56294.48,,,,,,,,,,,,,19.41,0.06,16.61,0.05,16.35,0.06,,,,,,,,,,,,,,,,,,,,,,
1000807,SN2012hd,56295.52,,,,,,,,,,,,,,,16.67,0.07,16.48,0.08,,,,,,,,,,,,,,,,,,,,,,
1000808,SN2012hd,56296.50,,,,,,,,,,,,,19.46,0.07,16.80,0.07,16.63,0.06,,,,,,,,,,,,,,,,,,,,,,
1000809,SN2012hd,56297.52,,,,,,,,,,,,,19.57,0.07,16.78,0.07,16.69,0.06,,,,,,,,,,,,,,,,,,,,,,
1000810,SN2012hd,56298.49,,,,,,,,,,,,,19.66,0.07,16.91,0.06,16.70,0.05,,,,,,,,,,,,,,,,,,,,,,
1000811,SN2012hd,56300.53,,,,,,,,,,,,,19.64,0.07,16.93,0.06,16.73,0.06,,,,,,,,,,,,,,,,,,,,,,
1000812,SN2012hd,56303.54,,,,,,,,,,,,,,,17.04,0.20,16.89,0.07,,,,,,,,,,,,,,,,,,,,,,
1000813,SN2012hd,56250.08,,,,,,,,,,,,,,,,,,,,,,,,,,,18.35,0.04,,,,,,,,,,,,
1000814,SN2012hd,56250.16,,,,,,,,,,,,,,,,,,,,,,,,,,,18.29,0.02,,,,,,,,,,,,
1000815,SN2012hd,56252.08,,,,,,,,,,,,,,,,,,,,,,,,,,,17.16,0.01,,,,,,,,,,,,
1000816,SN2012hd,56252.16,,,,,,,,,,,,,,,,,,,,,,,,,,,17.10,0.01,,,,,,,,,,,,
1000817,SN2012hd,56254.07,,,,,,,,,,,,,,,,,,,,,,,,,,,16.31,0.01,,,,,,,,,,,,
1000818,SN2012hd,56254.16,,,,,,,,,,,,,,,,,,,,,,,,,,,16.29,0.01,,,,,,,,,,,,
1000819,SN2012hn,56031.06,21.56,0.20,19.80,0.04,17.98,0.05,17.31,0.03,16.79,0.02,,,,,,,,,,,,,,,,,,,,,,,,,,,,,,
1000820,SN2012hn,56032.06,,,19.94,0.14,17.90,0.05,17.29,0.07,16.75,0.03,,,,,,,,,,,,,,,,,,,,,,,,,,,,,,
1000821,SN2012hn,56034.06,,,,,17.98,0.07,17.27,0.08,16.69,0.05,,,,,,,,,,,,,,,,,,,,,,,,,,,,,,
1000822,SN2012hn,56035.00,,,,,18.07,0.04,17.29,0.05,16.74,0.05,,,,,,,,,,,,,,,,,,,,,,,,,,,,,,
1000823,SN2012hn,56038.05,,,20.44,0.27,18.28,0.07,17.39,0.09,16.74,0.05,,,,,,,,,,,,,,,,,,,,,,,,,,,,,,
1000824,SN2012hn,56038.08,,,20.49,0.04,18.21,0.03,17.45,0.02,16.72,0.02,,,,,,,,,,,,,,,,,,,,,,,,,,,,,,
1000825,SN2012hn,56039.99,,,20.62,0.24,18.40,0.08,17.57,0.10,16.89,0.05,,,,,,,,,,,,,,,,,,,,,,,,,,,,,,
1000826,SN2012hn,56040.03,22.28,0.20,20.80,0.05,18.32,0.03,17.54,0.03,16.83,0.03,,,,,,,,,,,,,,,,,,,,,,,,,,,,,,
1000827,SN2012hn,56047.06,,,21.51,0.06,19.05,0.07,18.08,0.03,17.29,0.04,,,,,,,,,,,,,,,,,,,,,,,,,,,,,,
1000828,SN2012hn,56047.98,,,21.53,0.08,19.02,0.05,18.16,0.04,17.32,0.04,,,,,,,,,,,,,,,,,,,,,,,,,,,,,,
1000829,SN2012hn,56066.48,,,,,19.94,0.05,18.95,0.04,,,,,,,,,,,,,,,,,,,,,,,,,,,,,,,,
1000830,SN2012hn,56066.48,,,,,,,,,18.03,0.03,,,,,,,,,,,,,,,,,,,,,,,,,,,,,,
1000831,SN2012hn,56067.00,,,22.21,0.03,19.95,0.03,,,,,,,,,,,,,,,,,,,,,,,,,,,,,,,,,,
1000832,SN2012hn,56149.41,,,,,,,21.03,0.04,,,,,,,,,,,,,,,,,,,,,,,,,,,,,,,,
1000833,SN2012hn,56164.37,,,,,22.68,0.16,21.35,0.02,20.43,0.02,,,,,,,,,,,,,,,,,,,,,,,,,,,,,,
1000834,SN2012hn,56180.39,,,,,23.43,0.56,21.72,0.29,20.93,0.25,,,,,,,,,,,,,,,,,,,,,,,,,,,,,,
1000835,SN2012hn,56217.31,,,,,23.76,0.27,22.51,0.26,21.72,0.17,,,,,,,,,,,,,,,,,,,,,,,,,,,,,,
1000836,SN2012hn,56246.23,,,,,,,22.84,0.08,22.01,0.08,,,,,,,,,,,,,,,,,,,,,,,,,,,,,,
1000837,SN2012hn,56265.32,,,,,,,23.02,0.20,,,,,,,,,,,,,,,,,,,,,,,,,,,,,,,,
1000838,SN2012hn,56267.31,,,,,,,23.47,0.22,22.61,0.15,,,,,,,,,,,,,,,,,,,,,,,,,,,,,,
1000839,SN2012hn,56031.01,,,,,,,,,,,,,18.37,0.07,,,,,,,,,,,,,,,,,,,,,,,,,,
1000840,SN2012hn,56031.01,,,,,,,,,,,,,18.40,0.14,,,,,,,,,,,,,,,,,,,,,,,,,,
1000841,SN2012hn,56032.09,,,,,,,,,,,,,,,17.67,0.20,,,,,,,,,,,,,,,,,,,,,,,,
1000842,SN2012hn,56037.03,,,,,,,,,,,,,18.82,0.09,17.61,0.09,17.20,0.06,16.97,0.04,,,,,,,,,,,,,,,,,,,,
1000843,SN2012hn,56038.02,,,,,,,,,,,,,18.88,0.07,,,,,,,,,,,,,,,,,,,,,,,,,,
1000844,SN2012hn,56038.03,,,,,,,,,,,,,18.85,0.07,,,,,,,,,,,,,,,,,,,,,,,,,,
1000845,SN2012hn,56040.98,,,,,,,,,,,,,19.28,0.16,17.76,0.17,,,,,,,,,,,,,,,,,,,,,,,,
1000846,SN2012hn,56047.98,,,,,,,,,,,,,19.91,0.11,18.43,0.07,17.85,0.03,17.49,0.04,,,,,,,,,,,,,,,,,,,,
1000847,SN2012hr,56282.73,,,,,,,,,,,,,14.20,0.01,14.18,0.01,14.55,0.01,,,,,,,,,,,,,,,,,,,,,,
1000848,SN2012hr,56283.73,,,,,,,,,,,,,14.09,0.01,14.09,0.01,14.48,0.01,,,,,,,,,,,,,,,,,,,,,,
1000849,SN2012hr,56284.73,,,,,,,,,,,,,14.04,0.01,14.01,0.01,14.43,0.01,,,,,,,,,,,,,,,,,,,,,,
1000850,SN2012hr,56285.73,,,,,,,,,,,,,13.94,0.01,13.93,0.01,14.41,0.01,,,,,,,,,,,,,,,,,,,,,,
1000851,SN2012hr,56286.73,,,,,,,,,,,,,13.85,0.01,13.95,0.01,14.38,0.01,,,,,,,,,,,,,,,,,,,,,,
1000852,SN2012hr,56287.73,,,,,,,,,,,,,13.82,0.01,13.89,0.01,14.42,0.01,,,,,,,,,,,,,,,,,,,,,,
1000853,SN2012hr,56288.73,,,,,,,,,,,,,13.83,0.01,13.86,0.01,14.45,0.01,,,,,,,,,,,,,,,,,,,,,,
1000854,SN2012hr,56289.73,,,,,,,,,,,,,13.80,0.01,13.86,0.01,14.48,0.01,,,,,,,,,,,,,,,,,,,,,,
1000855,SN2012hr,56290.73,,,,,,,,,,,,,13.80,0.01,13.80,0.01,14.52,0.01,,,,,,,,,,,,,,,,,,,,,,
1000856,SN2012hr,56291.73,,,,,,,,,,,,,13.81,0.01,13.85,0.01,14.55,0.01,,,,,,,,,,,,,,,,,,,,,,
1000857,SN2012hr,56295.75,,,,,,,,,,,,,13.96,0.01,13.98,0.01,14.70,0.01,,,,,,,,,,,,,,,,,,,,,,
1000858,SN2012hr,56296.75,,,,,,,,,,,,,14.03,0.01,14.03,0.01,14.77,0.01,,,,,,,,,,,,,,,,,,,,,,
1000859,SN2012hr,56297.75,,,,,,,,,,,,,14.05,0.01,14.10,0.01,14.88,0.01,,,,,,,,,,,,,,,,,,,,,,
1000860,SN2012hr,56298.75,,,,,,,,,,,,,14.16,0.01,14.15,0.01,14.97,0.01,,,,,,,,,,,,,,,,,,,,,,
1000861,SN2012hr,56299.75,,,,,,,,,,,,,14.22,0.01,14.25,0.01,15.05,0.01,,,,,,,,,,,,,,,,,,,,,,
1000862,SN2012hr,56301.75,,,,,,,,,,,,,14.33,0.01,14.34,0.01,15.16,0.01,,,,,,,,,,,,,,,,,,,,,,
1000863,SN2012hr,56308.75,,,,,,,,,,,,,14.99,0.01,14.57,0.06,15.10,0.01,,,,,,,,,,,,,,,,,,,,,,
1000864,SN2012hr,56309.75,,,,,,,,,,,,,15.06,0.01,14.62,0.01,15.09,0.01,,,,,,,,,,,,,,,,,,,,,,
1000865,SN2012hr,56315.66,,,,,,,,,,,,,15.57,0.01,14.80,0.01,15.01,0.01,,,,,,,,,,,,,,,,,,,,,,
1000866,SN2012hr,56316.66,,,,,,,,,,,,,15.69,0.01,14.83,0.01,15.01,0.01,,,,,,,,,,,,,,,,,,,,,,
1000867,SN2012hr,56317.66,,,,,,,,,,,,,15.74,0.01,14.86,0.01,15.02,0.01,,,,,,,,,,,,,,,,,,,,,,
1000868,SN2012hr,56318.66,,,,,,,,,,,,,15.83,0.01,14.88,0.01,15.04,0.01,,,,,,,,,,,,,,,,,,,,,,
1000869,SN2012hr,56319.66,,,,,,,,,,,,,15.89,0.01,14.96,0.01,15.09,0.01,,,,,,,,,,,,,,,,,,,,,,
1000870,SN2012hr,56321.66,,,,,,,,,,,,,16.06,0.01,15.11,0.01,15.21,0.01,,,,,,,,,,,,,,,,,,,,,,
1000871,SN2012hr,56323.66,,,,,,,,,,,,,16.16,0.01,15.28,0.01,15.37,0.01,,,,,,,,,,,,,,,,,,,,,,
1000872,SN2012hr,56325.66,,,,,,,,,,,,,16.25,0.01,15.37,0.01,15.50,0.01,,,,,,,,,,,,,,,,,,,,,,
1000873,SN2012hr,56326.66,,,,,,,,,,,,,16.29,0.01,15.37,0.01,15.49,0.01,,,,,,,,,,,,,,,,,,,,,,
1000874,SN2012hr,56327.70,,,,,,,,,,,,,16.33,0.01,15.52,0.01,15.62,0.01,,,,,,,,,,,,,,,,,,,,,,
1000875,SN2012hr,56328.70,,,,,,,,,,,,,16.43,0.01,15.55,0.01,15.72,0.01,,,,,,,,,,,,,,,,,,,,,,
1000876,SN2012hr,56332.70,,,,,,,,,,,,,16.52,0.01,15.61,0.01,15.88,0.01,,,,,,,,,,,,,,,,,,,,,,
1000877,SN2012hr,56334.70,,,,,,,,,,,,,16.58,0.01,15.79,0.01,15.98,0.01,,,,,,,,,,,,,,,,,,,,,,
1000878,SN2012hr,56335.70,,,,,,,,,,,,,16.57,0.01,15.83,0.01,16.02,0.01,,,,,,,,,,,,,,,,,,,,,,
1000879,SN2012hr,56337.59,,,,,,,,,,,,,16.62,0.01,15.90,0.01,16.08,0.01,,,,,,,,,,,,,,,,,,,,,,
1000880,SN2012hr,56338.59,,,,,,,,,,,,,16.65,0.01,15.96,0.01,16.14,0.01,,,,,,,,,,,,,,,,,,,,,,
1000881,SN2012hr,56339.59,,,,,,,,,,,,,16.64,0.01,15.93,0.01,16.17,0.01,,,,,,,,,,,,,,,,,,,,,,
1000882,SN2012hr,56340.59,,,,,,,,,,,,,16.70,0.01,15.98,0.01,16.21,0.01,,,,,,,,,,,,,,,,,,,,,,
1000883,SN2012hr,56341.59,,,,,,,,,,,,,16.69,0.01,16.02,0.01,16.24,0.01,,,,,,,,,,,,,,,,,,,,,,
1000884,SN2012hr,56342.57,,,,,,,,,,,,,16.71,0.01,16.06,0.01,16.28,0.01,,,,,,,,,,,,,,,,,,,,,,
1000885,SN2012hr,56343.57,,,,,,,,,,,,,16.70,0.01,16.05,0.01,16.36,0.01,,,,,,,,,,,,,,,,,,,,,,
1000886,SN2012hr,56344.57,,,,,,,,,,,,,16.74,0.01,16.11,0.01,16.36,0.01,,,,,,,,,,,,,,,,,,,,,,
1000887,SN2012hr,56346.57,,,,,,,,,,,,,,,16.14,0.01,16.41,0.01,,,,,,,,,,,,,,,,,,,,,,
1000888,SN2012hr,56347.57,,,,,,,,,,,,,16.80,0.01,16.21,0.01,16.48,0.01,,,,,,,,,,,,,,,,,,,,,,
1000889,SN2012hr,56348.57,,,,,,,,,,,,,16.80,0.01,16.22,0.01,16.48,0.01,,,,,,,,,,,,,,,,,,,,,,
1000890,SN2012hr,56349.57,,,,,,,,,,,,,16.85,0.01,16.30,0.01,16.56,0.01,,,,,,,,,,,,,,,,,,,,,,
1000891,SN2012hr,56351.57,,,,,,,,,,,,,16.86,0.01,16.33,0.01,16.58,0.01,,,,,,,,,,,,,,,,,,,,,,
1000892,SN2012hr,56352.57,,,,,,,,,,,,,16.88,0.01,16.37,0.01,16.60,0.01,,,,,,,,,,,,,,,,,,,,,,
1000893,SN2012hr,56353.57,,,,,,,,,,,,,16.90,0.01,16.41,0.01,16.66,0.01,,,,,,,,,,,,,,,,,,,,,,
1000894,SN2012hr,56354.57,,,,,,,,,,,,,16.93,0.01,16.42,0.01,16.69,0.01,,,,,,,,,,,,,,,,,,,,,,
1000895,SN2012hr,56355.57,,,,,,,,,,,,,16.92,0.01,16.47,0.01,16.71,0.01,,,,,,,,,,,,,,,,,,,,,,
1000896,SN2012hr,56356.57,,,,,,,,,,,,,16.93,0.01,16.46,0.01,16.80,0.01,,,,,,,,,,,,,,,,,,,,,,
1000897,SN2012hr,56357.57,,,,,,,,,,,,,16.95,0.01,16.74,0.01,16.79,0.01,,,,,,,,,,,,,,,,,,,,,,
1000898,SN2012hr,56365.60,,,,,,,,,,,,,,,,,16.96,0.01,,,,,,,,,,,,,,,,,,,,,,
1000899,SN2012hr,56366.60,,,,,,,,,,,,,,,,,17.03,0.01,,,,,,,,,,,,,,,,,,,,,,
1000900,SN2012hr,56367.59,,,,,,,,,,,,,17.06,0.01,16.79,0.01,17.08,0.01,,,,,,,,,,,,,,,,,,,,,,
1000901,SN2012hr,56368.59,,,,,,,,,,,,,17.09,0.01,16.81,0.01,17.13,0.01,,,,,,,,,,,,,,,,,,,,,,
1000902,SN2012hr,56369.59,,,,,,,,,,,,,17.11,0.01,16.82,0.01,17.21,0.01,,,,,,,,,,,,,,,,,,,,,,
1000903,SN2012hr,56370.59,,,,,,,,,,,,,17.11,0.01,16.87,0.01,17.22,0.01,,,,,,,,,,,,,,,,,,,,,,
1000904,SN2012hr,56375.56,,,,,,,,,,,,,17.21,0.01,17.09,0.01,17.38,0.01,,,,,,,,,,,,,,,,,,,,,,
1000905,SN2012hr,56377.56,,,,,,,,,,,,,17.21,0.01,17.15,0.01,17.51,0.01,,,,,,,,,,,,,,,,,,,,,,
1000906,SN2012hr,56378.56,,,,,,,,,,,,,17.25,0.01,17.16,0.01,17.46,0.01,,,,,,,,,,,,,,,,,,,,,,
1000907,SN2012hr,56379.56,,,,,,,,,,,,,17.30,0.01,17.21,0.01,17.49,0.01,,,,,,,,,,,,,,,,,,,,,,
1000908,SN2012hr,56380.56,,,,,,,,,,,,,17.29,0.01,17.22,0.01,17.52,0.01,,,,,,,,,,,,,,,,,,,,,,
1000909,SN2012hr,56382.52,,,,,,,,,,,,,17.34,0.01,17.31,0.01,17.58,0.01,,,,,,,,,,,,,,,,,,,,,,
1000910,SN2012hr,56384.52,,,,,,,,,,,,,17.36,0.01,17.35,0.01,17.64,0.01,,,,,,,,,,,,,,,,,,,,,,
1000911,SN2012hr,56385.52,,,,,,,,,,,,,17.37,0.01,17.37,0.01,17.68,0.01,,,,,,,,,,,,,,,,,,,,,,
1000912,SN2012hr,56385.54,,,,,,,,,,,,,17.45,0.01,17.43,0.01,17.68,0.01,,,,,,,,,,,,,,,,,,,,,,
1000913,SN2012ht,56285.07,,,,,,,,,,,,,,,14.45,0.02,14.75,0.01,,,,,,,,,,,,,,,,,,,,,,
1000914,SN2012ht,56288.06,,,,,,,,,,,,,,,13.69,0.01,,,,,,,,,,,,,,,,,,,,,,,,
1000915,SN2012ht,56296.06,,,,,,,,,,,,,13.01,0.02,13.11,0.01,13.82,0.01,,,,,,,,,,,,,,,,,,,,,,
1000916,SN2012ht,56297.04,,,,,,,,,,,,,13.07,0.02,,,13.86,0.02,,,,,,,,,,,,,,,,,,,,,,
1000917,SN2012ht,56300.05,,,,,,,,,,,,,13.11,0.02,13.22,0.01,14.00,0.01,,,,,,,,,,,,,,,,,,,,,,
1000918,SN2012ht,56303.06,,,,,,,,,,,,,13.24,0.03,13.44,0.02,14.31,0.01,,,,,,,,,,,,,,,,,,,,,,
1000919,SN2012ht,56307.12,,,,,,,,,,,,,13.58,0.02,13.77,0.01,14.63,0.01,,,,,,,,,,,,,,,,,,,,,,
1000920,SN2012ht,56309.01,,,,,,,,,,,,,,,13.83,0.03,14.61,0.01,,,,,,,,,,,,,,,,,,,,,,
1000921,SN2012ht,56311.00,,,,,,,,,,,,,,,13.86,0.02,14.59,0.01,,,,,,,,,,,,,,,,,,,,,,
1000922,SN2012ht,56316.99,,,,,,,,,,,,,14.52,0.03,14.02,0.01,14.42,0.01,,,,,,,,,,,,,,,,,,,,,,
1000923,SN2013aj,56362.07,,,,,,,,,,,,,,,14.19,0.01,14.73,0.01,,,,,,,,,,,,,,,,,,,,,,
1000924,SN2013aj,56363.06,,,,,,,,,,,,,14.20,0.02,14.14,0.01,14.79,0.01,,,,,,,,,,,,,,,,,,,,,,
1000925,SN2013aj,56369.00,,,,,,,,,,,,,14.49,0.01,14.53,0.01,15.26,0.01,,,,,,,,,,,,,,,,,,,,,,
1000926,SN2013aj,56371.04,,,,,,,,,,,,,14.58,0.01,14.65,0.01,15.34,0.01,,,,,,,,,,,,,,,,,,,,,,
1000927,SN2013aj,56374.02,,,,,,,,,,,,,15.00,0.01,14.77,0.01,15.41,0.01,,,,,,,,,,,,,,,,,,,,,,
1000928,SN2013aj,56375.01,,,,,,,,,,,,,14.97,0.02,14.80,0.01,15.35,0.01,,,,,,,,,,,,,,,,,,,,,,
1000929,SN2013aj,56377.05,,,,,,,,,,,,,15.19,0.02,14.81,0.01,15.27,0.01,,,,,,,,,,,,,,,,,,,,,,
1000930,SN2013aj,56382.01,,,,,,,,,,,,,15.83,0.02,15.05,0.01,15.21,0.01,,,,,,,,,,,,,,,,,,,,,,
1000931,SN2013aj,56383.03,,,,,,,,,,,,,15.85,0.01,15.10,0.01,15.24,0.01,,,,,,,,,,,,,,,,,,,,,,
1000932,SN2013aj,56357.28,,,,,,,14.46,0.05,,,,,,,,,,,,,,,,,,,,,,,,,,,,,,,,
1000933,SN2013aj,56362.22,,,,,,,14.38,0.05,,,,,,,,,,,,,,,,,,,,,,,,,,,,,,,,
1000934,SN2013aj,56364.28,,,,,,,14.34,0.05,,,,,,,,,,,,,,,,,,,,,,,,,,,,,,,,
1000935,SN2013aj,56367.28,,,,,,,14.51,0.05,,,,,,,,,,,,,,,,,,,,,,,,,,,,,,,,
1000936,SN2013aj,56370.29,,,,,,,14.83,0.05,,,,,,,,,,,,,,,,,,,,,,,,,,,,,,,,
1000937,SN2013aj,56373.29,,,,,,,14.95,0.05,,,,,,,,,,,,,,,,,,,,,,,,,,,,,,,,
1000938,SN2013aj,56377.31,,,,,,,15.03,0.05,,,,,,,,,,,,,,,,,,,,,,,,,,,,,,,,
1000939,SN2013aj,56378.32,,,,,,,15.06,0.05,,,,,,,,,,,,,,,,,,,,,,,,,,,,,,,,
1000940,SN2013U,56331.98,,,,,,,,,,,,,16.84,0.01,16.70,0.02,16.96,0.03,,,,,,,,,,,,,,,,,,,,,,
1000941,SN2013U,56334.93,,,,,,,,,,,,,16.70,0.02,16.58,0.02,16.77,0.02,,,,,,,,,,,,,,,,,,,,,,
1000942,SN2013U,56340.98,,,,,,,,,,,,,16.54,0.02,16.45,0.01,16.69,0.02,,,,,,,,,,,,,,,,,,,,,,
1000943,SN2013U,56344.90,,,,,,,,,,,,,16.70,0.03,16.66,0.02,16.68,0.02,,,,,,,,,,,,,,,,,,,,,,
1000944,SN2013U,56364.90,,,,,,,,,,,,,18.39,0.04,17.37,0.03,17.43,0.04,,,,,,,,,,,,,,,,,,,,,,
1000945,SN2013U,56370.88,,,,,,,,,,,,,18.51,0.05,17.60,0.04,17.52,0.04,,,,,,,,,,,,,,,,,,,,,,
1000946,SN2013U,56378.88,,,,,,,,,,,,,17.72,0.10,,,17.58,0.07,,,,,,,,,,,,,,,,,,,,,,
1000947,SN2013U,56379.99,,,,,,,,,,,,,18.34,0.05,17.75,0.03,17.74,0.04,,,,,,,,,,,,,,,,,,,,,,
1000948,SSS120810:231802-560926,56149.70,,,,,,,17.76,0.11,,,,,,,,,,,,,,,,,,,,,,,,,,,,,,,,
1000949,SSS120810:231802-560926,56158.30,17.38,0.03,18.16,0.03,18.09,0.02,17.97,0.02,17.82,0.03,,,,,,,,,,,,,,,,,,,,,,,,,,,,,,
1000950,SSS120810:231802-560926,56164.30,17.68,0.01,18.42,0.01,18.23,0.02,18.11,0.02,17.90,0.03,,,,,,,,,,,,,,,,,,,,,,,,,,,,,,
1000951,SSS120810:231802-560926,56166.40,17.80,0.01,18.44,0.02,18.22,0.02,18.12,0.02,17.93,0.02,,,,,,,,,,,,,,,,,,,,,,,,,,,,,,
1000952,SSS120810:231802-560926,56179.60,,,,,,,18.57,0.09,,,,,,,,,,,,,,,,,,,,,,,,,,,,,,,,
1000953,SSS120810:231802-560926,56186.30,19.92,0.03,19.99,0.01,19.21,0.02,18.80,0.02,18.42,0.02,,,,,,,,,,,,,,,,,,,,,,,,,,,,,,
1000954,SSS120810:231802-560926,56194.30,20.63,0.12,20.56,0.03,19.62,0.02,19.14,0.03,18.70,0.04,,,,,,,,,,,,,,,,,,,,,,,,,,,,,,
1000955,SSS120810:231802-560926,56210.30,,,21.26,0.14,20.27,0.06,19.69,0.06,19.14,0.17,,,,,,,,,,,,,,,,,,,,,,,,,,,,,,
1000956,SSS120810:231802-560926,56223.50,,,,,20.78,0.30,20.12,0.30,19.58,0.30,,,,,,,,,,,,,,,,,,,,,,,,,,,,,,
1000957,SSS120810:231802-560926,56233.40,,,,,,,20.85,0.24,,,,,,,,,,,,,,,,,,,,,,,,,,,,,,,,
1000958,SSS120810:231802-560926,56254.20,,,24.62,0.50,23.16,0.13,21.57,0.07,20.88,0.07,,,,,,,,,,,,,,,,,,,,,,,,,,,,,,
1000959,SSS120810:231802-560926,56268.20,,,24.20,0.38,22.33,0.08,21.30,0.07,20.72,0.10,,,,,,,,,,,,,,,,,,,,,,,,,,,,,,
1000960,SSS120810:231802-560926,56295.20,,,,,,,23.19,0.18,,,,,,,,,,,,,,,,,,,,,,,,,,,,,,,,
